{"TRAIN loss": 14.808785644873257, "TRAIN recon_skill": 0.022262386271750468, "TRAIN post_reg": 0.06858232420971863, "TRAIN prior": 13.493418245630478, "TRAIN masked": 1.2856403309810476, "TRAIN recon_state": 0.004784074799438398, "TRAIN recon_masked": 0.0026463367220705743, "TRAIN metric": 0.05209302993373517, "_timestamp": 1667221542.8450706, "VALID loss": 16.34000061645508, "VALID recon_skill": 0.06284476088285446, "VALID post_reg": 0.12979727985858916, "VALID prior": 13.178665264892578, "VALID masked": 3.0575178619384764, "VALID recon_state": 0.02430630213022232, "VALID recon_masked": 0.0166006053596735, "VALID metric": 0.09638196649552583, "_runtime": 241.4053955078125, "_step": 9, "_wandb": {"runtime": 250}}