{"TRAIN loss": 12.597553390951717, "TRAIN recon_skill": 0.02157049565913711, "TRAIN post_reg": 2.352214240893776, "TRAIN prior": 12.574806796342026, "TRAIN prior_kld": 1.5420658037079276, "TRAIN metric": 1.5648124064875115, "_timestamp": 1667304436.6274161, "VALID loss": 12.826091946411132, "VALID recon_skill": 0.04412960896492005, "VALID post_reg": 2.4611401844024656, "VALID prior": 12.780731880187988, "VALID prior_kld": 2.110666986846924, "VALID metric": 2.156027165904045, "_runtime": 76.43705224990845, "_step": 2, "_wandb": {"runtime": 94}}