{"TRAIN loss": 13.585977536160854, "TRAIN recon_mse": 0.009592021868318984, "TRAIN recon_prior": 0.015047066142722873, "TRAIN reg_kld": 1.4625869850597808, "TRAIN prior_kld": 1.071902229978008, "TRAIN metric": 2.544081236906108, "_timestamp": 1665987558.676119, "VALID loss": 13.785691668701173, "VALID recon_mse": 0.012210601349174977, "VALID recon_prior": 0.01758718023598194, "VALID reg_kld": 1.559652131652832, "VALID prior_kld": 1.2215599426269532, "VALID metric": 2.79342267562896, "_runtime": 267.85660314559937, "_step": 8, "_wandb": {"runtime": 284}}