{"TRAIN loss": 13.233637976297064, "TRAIN recon_mse": 0.016389165319529556, "TRAIN recon_prior": 0.016399393233684088, "TRAIN reg_kld": 0.1266865603289909, "TRAIN prior_nll": 0.0525248822325595, "TRAIN metric": 0.19560060788107994, "_timestamp": 1667802443.712799, "VALID loss": 13.363288818359376, "VALID recon_mse": 0.01820052700638771, "VALID recon_prior": 0.018121696707606317, "VALID reg_kld": 0.10105381565093995, "VALID prior_nll": 0.03593297134041786, "VALID metric": 0.15518731399774552, "_runtime": 132.05413508415222, "_step": 4, "_wandb": {"runtime": 137}}