{"TRAIN loss": 13.126030978362603, "TRAIN recon_skill": 0.016902334573810532, "TRAIN post_reg": 0.15089687967002996, "TRAIN prior": 13.109053179513804, "TRAIN prior_kld": 0.06332728111530837, "TRAIN metric": 0.08030506412895391, "_timestamp": 1667304175.807457, "VALID loss": 12.84378236541748, "VALID recon_skill": 0.0189419580668211, "VALID post_reg": 0.20609181072711943, "VALID prior": 12.824737309265137, "VALID prior_kld": 0.04837014372944832, "VALID metric": 0.06741514770163297, "_runtime": 92.40841507911682, "_step": 3, "_wandb": {"runtime": 99}}