{"TRAIN loss": 13.370615744201165, "TRAIN recon_skill": 0.012576275302205257, "TRAIN post_reg": 1.6603672070294315, "TRAIN prior": 13.357209287829912, "TRAIN prior_kld": 1.2138236806589013, "TRAIN metric": 1.2272301395646206, "_timestamp": 1666003629.5209265, "VALID loss": 13.647314634704589, "VALID recon_skill": 0.014330243518948555, "VALID post_reg": 1.4805586303710938, "VALID prior": 13.632244152832032, "VALID prior_kld": 1.183572254562378, "VALID metric": 1.1986427773965118, "_runtime": 92.54415941238403, "_step": 2, "_wandb": {"runtime": 115}}