{"TRAIN loss": 11.206763238760617, "TRAIN recon_skill": 0.0332804106682539, "TRAIN post_reg": 0.905037739670591, "TRAIN prior": 11.173030290935586, "TRAIN prior_kld": 0.14029758283285534, "TRAIN metric": 0.1740305123709446, "_timestamp": 1667304342.442407, "VALID loss": 12.143298835754395, "VALID recon_skill": 0.0751980039358139, "VALID post_reg": 0.43778331623077393, "VALID prior": 12.067881979370117, "VALID prior_kld": 0.054386719012260436, "VALID metric": 0.12980361460618972, "_runtime": 47.81988000869751, "_step": 1, "_wandb": {"runtime": 55}}