{"TRAIN loss": 14.180214506012334, "TRAIN Rec_skill": 0.00755894062054659, "TRAIN Reg": 3.457811937879244e-05, "TRAIN Pri": 14.171710977534977, "TRAIN H": 0.00019085315064551654, "TRAIN Rec_state": 0.0007537300985635204, "TRAIN metric": 0.007616497059667091, "_timestamp": 1667359038.2232997, "VALID loss": 14.464617987060548, "VALID Rec_skill": 0.015244509971141814, "VALID Reg": 3.11654978140723e-05, "VALID Pri": 14.181487167358398, "VALID H": 0.006459254772216081, "VALID Rec_state": 0.2614274680614471, "VALID metric": 0.015503317030491166, "_runtime": 1180.1445157527924, "_step": 49, "_wandb": {"runtime": 1179}}