{"TRAIN loss": 12.176205884850678, "TRAIN Rec_skill": 0.0161844800442835, "TRAIN Reg": 4.3509860544668975, "TRAIN Pri": 12.158904484027298, "TRAIN H": 2.918244913589605e-05, "TRAIN metric": 3.021448319755353, "_timestamp": 1667293071.070373, "VALID loss": 15.128045429992676, "VALID Rec_skill": 0.03213330595493317, "VALID Reg": 5.00213284072876, "VALID Pri": 15.094636834716797, "VALID H": 2.5226852876949124e-05, "VALID metric": 6.310789423881912, "_runtime": 132.8275649547577, "_step": 5, "_wandb": {"runtime": 142}}