{"tr_return": 0.0, "episode_i": 11, "_timestamp": 1667986465.6728134, "_runtime": 63.148476362228394, "_step": 11, "qf_loss": 0.0005566410254687071, "policy_loss": 0.3274674415588379, "kl": 0.05994028225541115, "mean_policy_scale": 0.8935030102729797, "alpha_loss": 0.0, "alpha": 0.10517092049121857, "_wandb": {"runtime": 66}}