{"TRAIN loss": 13.541636035690154, "TRAIN recon_skill": 0.011088500236660907, "TRAIN post_reg": 1.4762970526673973, "TRAIN prior": 13.529809378494356, "TRAIN prior_kld": 1.1034008467325092, "TRAIN metric": 1.1152274954955055, "_timestamp": 1666004424.4738965, "VALID loss": 13.70700994720459, "VALID recon_skill": 0.013953868646919727, "VALID post_reg": 1.6222054676055908, "VALID prior": 13.692245066833497, "VALID prior_kld": 1.1243443910598754, "VALID metric": 1.139109362440598, "_runtime": 150.95248460769653, "_step": 4, "_wandb": {"runtime": 152}}