{"TRAIN loss": 6.495042839024444, "TRAIN Rec_skill": 0.05788660076596372, "TRAIN Reg": 5.304131849601146, "TRAIN Pri": 6.434504179241207, "TRAIN Pri_kld": 0.8837790835728148, "TRAIN metric": 0.9443177502635802, "_timestamp": 1667806473.3830373, "VALID loss": 9.5239154586792, "VALID Rec_skill": 0.0269496387809515, "VALID Reg": 1.7249742444992064, "VALID Pri": 9.496103192138673, "VALID Pri_kld": 0.09656468824148177, "VALID metric": 0.12437681414468288, "_runtime": 30.906793355941772, "_step": 0, "_wandb": {"runtime": 43}}