{"TRAIN loss": 11.69780441097391, "TRAIN recon_skill": 0.007714675968436574, "TRAIN post_reg": 7.309873398710796, "TRAIN prior": 11.689358750291866, "TRAIN prior_kld": 4.941624513717404, "TRAIN metric": 4.9500701770257045, "_timestamp": 1666624948.8238945, "VALID loss": 13.334502294921876, "VALID recon_skill": 0.02321354940533638, "VALID post_reg": 8.13980631866455, "VALID prior": 13.310474954223633, "VALID prior_kld": 7.656129196929932, "VALID metric": 7.680156726967136, "_runtime": 1506.9933505058289, "_step": 69, "_wandb": {"runtime": 1506}}