{"TRAIN loss": 13.666153728064176, "TRAIN recon_skill": 0.010283492625888596, "TRAIN post_reg": 1.639560970465987, "TRAIN prior": 13.655050447938311, "TRAIN prior_kld": 1.1279422794834353, "TRAIN metric": 1.1390455525945566, "_timestamp": 1666014877.0710468, "VALID loss": 13.79543762664795, "VALID recon_skill": 0.023756822061538695, "VALID post_reg": 2.4848783889770507, "VALID prior": 13.770438372802735, "VALID prior_kld": 1.9855700624465942, "VALID metric": 2.0105693237026214, "_runtime": 1373.8313257694244, "_step": 45, "_wandb": {"runtime": 1378}}