{"TRAIN loss": 6.222569273338236, "TRAIN recon_skill": 0.05786385885873322, "TRAIN post_reg": 5.329400789395216, "TRAIN prior": 6.162040717374287, "TRAIN prior_kld": 0.7463432139768441, "TRAIN metric": 0.8068717732302747, "_timestamp": 1667304728.0259416, "VALID loss": 9.459031956481933, "VALID recon_skill": 0.024277961456775667, "VALID post_reg": 1.7492505643844605, "VALID prior": 9.433879415893555, "VALID prior_kld": 0.11183277364969253, "VALID metric": 0.1369853603886604, "_runtime": 27.28753161430359, "_step": 0, "_wandb": {"runtime": 48}}