{"TRAIN loss": 13.955685251377563, "TRAIN recon_skill": 0.010464410065682737, "TRAIN recon_prior": 0.010467094318907232, "TRAIN recon_prior_pseudo": 0.0104690087344505, "TRAIN recon_g": 0.05660106783605976, "TRAIN post_reg": 0.013806958371356629, "TRAIN prior": 13.887180706138688, "TRAIN prior_kld": 0.012259142499127658, "TRAIN prior_VAT": 0.0014321878317325079, "TRAIN pseudo_prior_kld": 0.012237251974448079, "TRAIN metric": 0.08076371171178835, "_timestamp": 1666059479.408882, "VALID loss": 13.988116027832032, "VALID recon_skill": 0.013008057722449303, "VALID recon_prior": 0.013049843204021454, "VALID recon_prior_pseudo": 0.01303619635552168, "VALID recon_g": 0.05279690831303596, "VALID post_reg": 0.009118614037334919, "VALID prior": 13.922305186462403, "VALID prior_kld": 0.0013406665928661823, "VALID prior_VAT": 1.0461064377523143e-06, "VALID pseudo_prior_kld": 0.00133966849707067, "VALID metric": 0.06715123804180786, "_runtime": 488.3711428642273, "_step": 19, "_wandb": {"runtime": 487}}