{"TRAIN loss": 12.644121700469476, "TRAIN recon_skill": 0.03017464633472793, "TRAIN post_reg": 0.2789847095869255, "TRAIN prior": 12.613807589984763, "TRAIN prior_kld": 0.07442829159927417, "TRAIN metric": 0.10474243028879557, "_timestamp": 1667304539.0511117, "VALID loss": 12.827280186462403, "VALID recon_skill": 0.0694246030330658, "VALID post_reg": 0.24515943803787232, "VALID prior": 12.757732849121094, "VALID prior_kld": 0.10608764288425446, "VALID metric": 0.17563482563633917, "_runtime": 76.91819381713867, "_step": 2, "_wandb": {"runtime": 85}}