{"TRAIN loss": 14.194621312354593, "TRAIN recon_skill": 0.00770650343953596, "TRAIN post_reg": 5.839405501920049e-07, "TRAIN prior": 14.186914812155331, "TRAIN prior_kld": 2.6917438838720882e-05, "TRAIN metric": 0.007733421170344961, "_timestamp": 1666876128.6920226, "VALID loss": 14.208291960144043, "VALID recon_skill": 0.011741715469956398, "VALID post_reg": 5.792694671072241e-07, "VALID prior": 14.19655022125244, "VALID prior_kld": 1.0082600012538023e-05, "VALID metric": 0.01175179835960367, "_runtime": 1454.7387495040894, "_step": 69, "_wandb": {"runtime": 1454}}