{"tr_return": 0.0, "qf_loss": 0.00037589791463688016, "policy_loss": 0.023696590214967728, "kl": 0.00016606874123681337, "mean_policy_scale": 0.887196958065033, "alpha_loss": 0.0, "alpha": 0.10517092049121857, "episode_i": 8, "_timestamp": 1667986147.3933046, "_runtime": 33.41940951347351, "_step": 8, "_wandb": {"runtime": 33}}