{"TRAIN loss": 13.484232998962092, "TRAIN recon_skill": 0.007474206942072021, "TRAIN post_reg": 2.2280568496394593, "TRAIN prior": 13.475644755380873, "TRAIN prior_kld": 1.514765572407086, "TRAIN metric": 1.5233538077739797, "_timestamp": 1666019855.4326968, "VALID loss": 14.125146534729003, "VALID recon_skill": 0.015510434779524802, "VALID post_reg": 2.820647058868408, "VALID prior": 14.108225776672363, "VALID prior_kld": 2.6684383056640626, "VALID metric": 2.685359063973022, "_runtime": 1715.8294658660889, "_step": 49, "_wandb": {"runtime": 1715}}