{"TRAIN loss": 13.456995597837809, "TRAIN recon_skill": 0.007515936177937998, "TRAIN post_reg": 2.2731367151194606, "TRAIN prior": 13.448343092329168, "TRAIN prior_kld": 1.5367464346551025, "TRAIN metric": 1.545398939190601, "_timestamp": 1666050581.0316696, "VALID loss": 14.434873724365234, "VALID recon_skill": 0.015605940100550652, "VALID post_reg": 2.805572134780884, "VALID prior": 14.417865028381348, "VALID prior_kld": 2.9687863277435302, "VALID metric": 2.985795053911471, "_runtime": 1506.0684895515442, "_step": 49, "_wandb": {"runtime": 1505}}