{"TRAIN loss": 13.571559805909132, "TRAIN recon_skill": 0.014221868175151805, "TRAIN recon_g": 0.03664623053923823, "TRAIN post_reg": 0.05446326337990485, "TRAIN prior": 13.518053663290152, "TRAIN prior_kld": 0.02728608606557303, "TRAIN prior_VAT": 0.0026108103424731717, "TRAIN metric": 0.08079222675412635, "_timestamp": 1666001381.4683118, "VALID loss": 13.724209600830077, "VALID recon_skill": 0.015171569049358367, "VALID recon_g": 0.04338824006915092, "VALID post_reg": 0.02687906639277935, "VALID prior": 13.665581791687012, "VALID prior_kld": 0.0030264294490218164, "VALID prior_VAT": 5.455781929194927e-05, "VALID metric": 0.06165423592001944, "_runtime": 67.6525046825409, "_step": 1, "_wandb": {"runtime": 87}}