{"TRAIN loss": 13.533189146988194, "TRAIN recon_skill": 0.01430544749149263, "TRAIN post_reg": 0.05304075778483075, "TRAIN prior": 13.518857178486481, "TRAIN prior_kld": 0.025261606674251463, "TRAIN metric": 0.03959357454463662, "_timestamp": 1666002307.666037, "VALID loss": 13.768369592285156, "VALID recon_skill": 0.021627464282512665, "VALID post_reg": 0.023518822118639947, "VALID prior": 13.74673028717041, "VALID prior_kld": 0.010069378554821014, "VALID metric": 0.031708602248392996, "_runtime": 63.1701819896698, "_step": 1, "_wandb": {"runtime": 66}}