{"TRAIN loss": 12.64907439465784, "TRAIN Rec_skill": 0.01063039532590801, "TRAIN Reg": 4.2518110154660675, "TRAIN Pri": 12.63489910387577, "TRAIN H": 0.0003083350778940846, "TRAIN Rec_state": 0.0019389560811845, "TRAIN Rec_masked": 0.00023465964199425408, "TRAIN metric": 2.7552896326447227, "_timestamp": 1667289468.240014, "VALID loss": 16.441788973999024, "VALID Rec_skill": 0.02479795028269291, "VALID Reg": 5.24830491027832, "VALID Pri": 16.384620779418945, "VALID H": 0.00015381914374884217, "VALID Rec_state": 0.025517803394794463, "VALID Rec_masked": 0.005386468008160591, "VALID metric": 7.375846733816171, "_runtime": 1102.9737200737, "_step": 49, "_wandb": {"runtime": 1102}}