{"TRAIN loss": 14.042125487835557, "TRAIN Rec_skill": 0.007867984150090155, "TRAIN Reg": 0.0031360505976085126, "TRAIN Pri": 14.033595057803574, "TRAIN H": 5.658817720711874e-05, "TRAIN Rec_state": 0.0006055354733588684, "TRAIN metric": 0.009413338966461113, "_timestamp": 1667378351.4676557, "VALID loss": 14.36003992919922, "VALID Rec_skill": 0.01778803175985813, "VALID Reg": 0.0010854248197749257, "VALID Pri": 14.119298440551757, "VALID H": 0.008505323907732964, "VALID Rec_state": 0.21444754450321196, "VALID metric": 0.01793894695763251, "_runtime": 819.4439566135406, "_step": 33, "_wandb": {"runtime": 831}}