{"TRAIN loss": 11.67179682928863, "TRAIN recon_skill": 0.027828694755246988, "TRAIN recon_g": 0.0, "TRAIN post_reg": 1.0516287621149185, "TRAIN prior": 11.643442329733851, "TRAIN prior_kld": 0.1957851675290365, "TRAIN prior_VAT": 0.0, "TRAIN metric": 0.22413967666533993, "_timestamp": 1665984671.3556569, "VALID loss": 13.453340104675293, "VALID recon_skill": 0.021739716166257857, "VALID recon_g": 0.0, "VALID post_reg": 0.06593271380662918, "VALID prior": 13.431567391967773, "VALID prior_kld": 0.016256499189138414, "VALID prior_VAT": 0.0, "VALID metric": 0.03802918171229958, "_runtime": 34.61647176742554, "_step": 0, "_wandb": {"runtime": 34}}