{"TRAIN loss": 14.196261273714882, "TRAIN recon_mse": 0.01407927288912675, "TRAIN recon_prior": 0.01408266617821843, "TRAIN reg_kld": 6.737398618842149e-05, "TRAIN prior_kld": 0.009081628225006268, "TRAIN metric": 0.02322827510032144, "_timestamp": 1665985323.4573615, "VALID loss": 14.140160470581055, "VALID recon_mse": 0.01690507928133011, "VALID recon_prior": 0.01680527508556843, "VALID reg_kld": 5.370642095222138e-05, "VALID prior_kld": 0.0010040587849915027, "VALID metric": 0.017962844487273835, "_runtime": 120.67209839820862, "_step": 3, "_wandb": {"runtime": 129}}