{"TRAIN loss": 13.71543320528073, "TRAIN recon_skill": 0.012616072296558239, "TRAIN post_reg": 0.028269272203023336, "TRAIN prior": 13.702802998446451, "TRAIN prior_kld": 0.013046284714446197, "TRAIN metric": 0.025676491647105962, "_timestamp": 1666002610.0352259, "VALID loss": 13.898224354553223, "VALID recon_skill": 0.014967338731884956, "VALID post_reg": 0.010885400021076203, "VALID prior": 13.883251602172852, "VALID prior_kld": 0.0025320277336984874, "VALID metric": 0.017504809165593983, "_runtime": 92.2568588256836, "_step": 2, "_wandb": {"runtime": 106}}