{"TRAIN loss": 12.779320716350316, "TRAIN recon_skill": 0.008878226939327334, "TRAIN post_reg": 3.96605619339469, "TRAIN prior": 12.769450990917523, "TRAIN prior_kld": 2.5811759326988977, "TRAIN metric": 2.5910456736865726, "_timestamp": 1666854467.4638476, "VALID loss": 13.994429830932617, "VALID recon_skill": 0.024392351067066192, "VALID post_reg": 5.063968259429932, "VALID prior": 13.968771308898926, "VALID prior_kld": 4.848493738555908, "VALID metric": 4.874152081687833, "_runtime": 1510.561640739441, "_step": 69, "_wandb": {"runtime": 1510}}