{"TRAIN loss": 13.944747834443563, "TRAIN recon_skill": 0.009767746391218406, "TRAIN recon_prior": 0.009767678245661769, "TRAIN recon_prior_pseudo": 0.009767016474954014, "TRAIN recon_g": 0.02973465674332141, "TRAIN post_reg": 0.011733056536890779, "TRAIN prior": 13.905034258920232, "TRAIN prior_kld": 0.00824476526951829, "TRAIN prior_VAT": 0.00020530891958005218, "TRAIN pseudo_prior_kld": 0.00822999974478482, "TRAIN metric": 0.04795834385190661, "_timestamp": 1666053398.689088, "VALID loss": 14.022547763061523, "VALID recon_skill": 0.013063097555935382, "VALID recon_prior": 0.013077286225557327, "VALID recon_prior_pseudo": 0.013054488551616669, "VALID recon_g": 0.04122977560162544, "VALID post_reg": 0.007536582475155592, "VALID prior": 13.968251089477539, "VALID prior_kld": 0.0010570707900449633, "VALID prior_VAT": 4.129392458480652e-08, "VALID pseudo_prior_kld": 0.0010573257751762867, "VALID metric": 0.05535375353276795, "_runtime": 488.7960910797119, "_step": 19, "_wandb": {"runtime": 488}}