{"TRAIN loss": 13.725221177654769, "TRAIN recon_skill": 0.02070911520176981, "TRAIN post_reg": 0.033029601237209584, "TRAIN prior": 13.704495544936545, "TRAIN prior_kld": 0.022527484165784917, "TRAIN metric": 0.04325311416817333, "_timestamp": 1666852928.7724764, "VALID loss": 13.653390921020508, "VALID recon_skill": 0.06929320240020752, "VALID post_reg": 0.0578802934885025, "VALID prior": 13.584068981933594, "VALID prior_kld": 0.02289109790623188, "VALID metric": 0.09221324045318366, "_runtime": 308.0441484451294, "_step": 13, "_wandb": {"runtime": 315}}