{"TRAIN loss": 13.248445655606098, "TRAIN recon_skill": 0.016060445406002277, "TRAIN post_reg": 0.1325529425600691, "TRAIN prior": 13.232318935525829, "TRAIN prior_kld": 0.06849317774307172, "TRAIN metric": 0.084619899620354, "_timestamp": 1667305155.8095517, "VALID loss": 12.950894874572754, "VALID recon_skill": 0.018460279870033264, "VALID post_reg": 0.20223877456188202, "VALID prior": 12.932333407592774, "VALID prior_kld": 0.09963175938129425, "VALID metric": 0.11819315863860845, "_runtime": 114.0408205986023, "_step": 4, "_wandb": {"runtime": 113}}