{"TRAIN loss": 12.795476583678147, "TRAIN recon_skill": 0.014570128301733588, "TRAIN post_reg": 0.2651561695813649, "TRAIN prior": 12.780840150111201, "TRAIN prior_kld": 0.09039978002862623, "TRAIN metric": 0.10503619737275521, "_timestamp": 1666919511.5616782, "VALID loss": 12.002148709106445, "VALID recon_skill": 0.03441057116985321, "VALID post_reg": 0.6543880502700805, "VALID prior": 11.967574600219727, "VALID prior_kld": 0.21246981015205382, "VALID metric": 0.24704397833447456, "_runtime": 157.4160852432251, "_step": 6, "_wandb": {"runtime": 167}}