{"TRAIN loss": 6.443484028119737, "TRAIN recon_skill": 0.05547104312833739, "TRAIN post_reg": 5.079322139702644, "TRAIN prior": 6.3854733347637715, "TRAIN prior_kld": 0.6538379104964148, "TRAIN metric": 0.7118486146946028, "_timestamp": 1667303920.3222659, "VALID loss": 9.701282655334472, "VALID recon_skill": 0.02634672540426254, "VALID post_reg": 1.6469416807174682, "VALID prior": 9.674112353515625, "VALID prior_kld": 0.12420392909049988, "VALID metric": 0.15137412533512115, "_runtime": 29.182299852371216, "_step": 0, "_wandb": {"runtime": 35}}