{"TRAIN loss": 9.507340412515946, "TRAIN recon_skill": 0.006619236949663496, "TRAIN post_reg": 13.538061102356824, "TRAIN prior": 9.500044269445702, "TRAIN prior_kld": 9.243411993821397, "TRAIN metric": 9.250708133826166, "_timestamp": 1666626467.0581963, "VALID loss": 12.660733116149903, "VALID recon_skill": 0.023474229943752287, "VALID post_reg": 14.32810997619629, "VALID prior": 12.636542514038085, "VALID prior_kld": 13.66467521057129, "VALID metric": 13.68886584601385, "_runtime": 1505.6949462890625, "_step": 69, "_wandb": {"runtime": 1505}}