{"TRAIN loss": 12.617418434118306, "TRAIN recon_skill": 0.031302213203281345, "TRAIN post_reg": 0.306088742794299, "TRAIN prior": 12.585963181295647, "TRAIN prior_kld": 0.0820568674738007, "TRAIN metric": 0.11351212504847905, "_timestamp": 1667302125.3786294, "VALID loss": 12.788358825683593, "VALID recon_skill": 0.08840257819890976, "VALID post_reg": 0.2523718079090118, "VALID prior": 12.699830116271972, "VALID prior_kld": 0.08422634468078613, "VALID metric": 0.17275510878365039, "_runtime": 70.66317653656006, "_step": 2, "_wandb": {"runtime": 71}}