{"TRAIN loss": 14.083239216397113, "TRAIN recon_skill": 0.009479267390684411, "TRAIN post_reg": 0.005608481499979166, "TRAIN prior": 14.073757147029545, "TRAIN prior_kld": 0.004550449110404636, "TRAIN metric": 0.014032520741839059, "_timestamp": 1666919312.7354352, "VALID loss": 14.0933646484375, "VALID recon_skill": 0.025821603414416312, "VALID post_reg": 0.0005977507495321334, "VALID prior": 14.067542588806152, "VALID prior_kld": 0.000364528593653813, "VALID metric": 0.026186430883444894, "_runtime": 646.5830223560333, "_step": 29, "_wandb": {"runtime": 654}}