{"TRAIN loss": 13.709366385844078, "TRAIN recon_skill": 0.012611113028291756, "TRAIN recon_g": 0.0, "TRAIN post_reg": 0.028498114325355504, "TRAIN prior": 13.696741014495293, "TRAIN prior_kld": 0.012281343310642194, "TRAIN prior_VAT": 0.0, "TRAIN metric": 0.024906705396096657, "_timestamp": 1665987709.2076406, "VALID loss": 13.90366549987793, "VALID recon_skill": 0.0194843269944191, "VALID recon_g": 0.0, "VALID post_reg": 0.009944810631871224, "VALID prior": 13.884176229858399, "VALID prior_kld": 0.0085128569111228, "VALID prior_VAT": 0.0, "VALID metric": 0.02800215631085783, "_runtime": 97.92462658882141, "_step": 2, "_wandb": {"runtime": 104}}