{"TRAIN loss": 13.482517619441344, "TRAIN recon_skill": 0.026482365843360493, "TRAIN post_reg": 0.07869760989864445, "TRAIN prior": 13.455995890266465, "TRAIN prior_kld": 0.03594220023684158, "TRAIN metric": 0.062463914885151434, "_timestamp": 1667299204.4883287, "VALID loss": 13.759722235107422, "VALID recon_skill": 0.08121462757587433, "VALID post_reg": 0.03697077203989029, "VALID prior": 13.678489120483398, "VALID prior_kld": 0.061396404135227206, "VALID metric": 0.14262951709712146, "_runtime": 198.3034167289734, "_step": 8, "_wandb": {"runtime": 210}}