{"TRAIN loss": 13.514918290139406, "TRAIN recon_skill": 0.014082431408291414, "TRAIN post_reg": 0.05482603585349498, "TRAIN prior": 13.500808438520451, "TRAIN prior_kld": 0.02392837651593811, "TRAIN metric": 0.03803822094215625, "_timestamp": 1666002032.5936046, "VALID loss": 13.773804826354981, "VALID recon_skill": 0.01829806620776653, "VALID post_reg": 0.022016097018122672, "VALID prior": 13.755495741271973, "VALID prior_kld": 0.012341689832508563, "VALID metric": 0.030650764088784165, "_runtime": 65.23577666282654, "_step": 1, "_wandb": {"runtime": 70}}