{"TRAIN loss": 12.614879945794467, "TRAIN recon_skill": 0.011995609881508242, "TRAIN post_reg": 0.34213396953944625, "TRAIN prior": 12.602815888938363, "TRAIN prior_kld": 0.1271234496637635, "TRAIN metric": 0.13918748633917966, "_timestamp": 1666921257.3629143, "VALID loss": 13.000945434570312, "VALID recon_skill": 0.017391126212477685, "VALID post_reg": 0.1798513170480728, "VALID prior": 12.983518324279785, "VALID prior_kld": 0.05492750180959702, "VALID metric": 0.07235459828548431, "_runtime": 134.09006428718567, "_step": 5, "_wandb": {"runtime": 146}}