{"TRAIN loss": 13.585112588174445, "TRAIN recon_skill": 0.02210871006403927, "TRAIN post_reg": 0.05045873200084266, "TRAIN prior": 13.562978642201761, "TRAIN prior_kld": 0.023184095911022738, "TRAIN metric": 0.045318035341062386, "_timestamp": 1666616776.2811854, "VALID loss": 13.307340142822266, "VALID recon_skill": 0.06750991313457488, "VALID post_reg": 0.08870304191112519, "VALID prior": 13.239786096191406, "VALID prior_kld": 0.01274788302332163, "VALID metric": 0.08030214767885209, "_runtime": 201.0821874141693, "_step": 8, "_wandb": {"runtime": 204}}