{"TRAIN loss": 6.077653175189949, "TRAIN recon_skill": 0.055613338721360685, "TRAIN post_reg": 5.540898993788645, "TRAIN prior": 6.019269380577731, "TRAIN prior_kld": 0.7780758349433148, "TRAIN metric": 0.8364596231615694, "_timestamp": 1667304597.2230422, "VALID loss": 9.388238621520996, "VALID recon_skill": 0.024499907433986664, "VALID post_reg": 1.8254404001235962, "VALID prior": 9.36282604522705, "VALID prior_kld": 0.09193209997415543, "VALID metric": 0.11734472760820389, "_runtime": 29.66143035888672, "_step": 0, "_wandb": {"runtime": 42}}