{"TRAIN loss": 14.196987148312768, "TRAIN recon_skill": 0.017069662072994648, "TRAIN post_reg": 5.786705922262508e-06, "TRAIN prior": 14.179917473037442, "TRAIN prior_kld": 4.1404919032899816e-05, "TRAIN metric": 0.017111069885380508, "_timestamp": 1666757524.5438888, "VALID loss": 14.231398497009277, "VALID recon_skill": 0.06135910646915436, "VALID post_reg": 5.649924815224949e-06, "VALID prior": 14.170039389038086, "VALID prior_kld": 1.7127424251521006e-05, "VALID metric": 0.06137623671836828, "_runtime": 926.3670217990875, "_step": 41, "_wandb": {"runtime": 932}}