{"TRAIN loss": 13.516848527732678, "TRAIN recon_skill": 0.014122637738424974, "TRAIN post_reg": 0.05408183373000934, "TRAIN prior": 13.502698841862554, "TRAIN prior_kld": 0.02271828376543963, "TRAIN metric": 0.03686796242072954, "_timestamp": 1666002204.3549154, "VALID loss": 13.839354272460938, "VALID recon_skill": 0.022719650179147722, "VALID post_reg": 0.023609841611981392, "VALID prior": 13.816622872924805, "VALID prior_kld": 0.004791041770577431, "VALID metric": 0.027522496870531137, "_runtime": 63.23364448547363, "_step": 1, "_wandb": {"runtime": 89}}