{"tr_return": 1.0, "qf_loss": 0.0003867227060254663, "policy_loss": -0.006369526498019695, "kl": 0.001106266863644123, "mean_policy_scale": 0.8864607214927673, "alpha_loss": 0.0, "alpha": 0.10517092049121857, "episode_i": 87, "_timestamp": 1667969270.2473457, "_runtime": 619.1252126693726, "_step": 87, "_wandb": {"runtime": 622}}