{"TRAIN loss": 13.250641995282589, "TRAIN recon_skill": 0.016270891252441168, "TRAIN post_reg": 0.12344830300838783, "TRAIN prior": 13.23430937507583, "TRAIN prior_kld": 0.05171442221301262, "TRAIN metric": 0.06804703761695806, "_timestamp": 1667302504.8141139, "VALID loss": 13.75643637084961, "VALID recon_skill": 0.01767271435856819, "VALID post_reg": 0.02470668973326683, "VALID prior": 13.738751165771484, "VALID prior_kld": 0.02679806374013424, "VALID metric": 0.04448313144356906, "_runtime": 132.9692828655243, "_step": 4, "_wandb": {"runtime": 132}}