{"TRAIN loss": 9.485037117762692, "TRAIN recon_skill": 0.008765370361893825, "TRAIN post_reg": 6.847700251513127, "TRAIN prior": 9.475929363196569, "TRAIN prior_kld": 4.701614388208602, "TRAIN metric": 4.710722143583075, "_timestamp": 1667308448.0355642, "VALID loss": 8.755561735534668, "VALID recon_skill": 0.009714550566673278, "VALID post_reg": 6.909591807556152, "VALID prior": 8.745501734924316, "VALID prior_kld": 4.323923109436035, "VALID metric": 4.333983139593086, "_runtime": 252.3687822818756, "_step": 10, "_wandb": {"runtime": 274}}