{"TRAIN loss": 10.15088476481254, "TRAIN recon_skill": 0.013931403448624615, "TRAIN post_reg": 1.659779675493956, "TRAIN prior": 10.13678738491685, "TRAIN prior_kld": 0.3727487368161369, "TRAIN metric": 0.3868461182323109, "_timestamp": 1667306163.9787781, "VALID loss": 10.232426121520996, "VALID recon_skill": 0.014302696308493614, "VALID post_reg": 1.4976446437835693, "VALID prior": 10.217973612976074, "VALID prior_kld": 0.29703200073242186, "VALID metric": 0.3114844615052938, "_runtime": 160.82570219039917, "_step": 6, "_wandb": {"runtime": 162}}