{"TRAIN loss": 14.190419211494802, "TRAIN recon_skill": 0.01794584610394786, "TRAIN post_reg": 2.6456132306136796e-05, "TRAIN prior": 14.172473345838938, "TRAIN prior_kld": 7.390791275035533e-05, "TRAIN metric": 0.018019761953537904, "_timestamp": 1666672250.7709434, "VALID loss": 14.326511543273925, "VALID recon_skill": 0.16990256910324097, "VALID post_reg": 2.9621110536390916e-05, "VALID prior": 14.15660881652832, "VALID prior_kld": 0.004020918568782508, "VALID metric": 0.17392349655835662, "_runtime": 955.6495034694672, "_step": 42, "_wandb": {"runtime": 972}}