{"TRAIN loss": 7.2107466132306905, "TRAIN recon_skill": 0.06671176801783922, "TRAIN post_reg": 4.432828591131015, "TRAIN prior": 7.141818424568728, "TRAIN prior_kld": 0.6382036085221878, "TRAIN metric": 0.7071317908355931, "_timestamp": 1667304651.6687124, "VALID loss": 9.023794943237304, "VALID recon_skill": 0.08074720244407654, "VALID post_reg": 2.085131025314331, "VALID prior": 8.94200521697998, "VALID prior_kld": 0.0741713158249855, "VALID metric": 0.15596108378171922, "_runtime": 29.524556398391724, "_step": 0, "_wandb": {"runtime": 44}}