{"TRAIN loss": 13.764505673959047, "TRAIN Rec_skill": 0.008447388591426925, "TRAIN Reg": 0.020270544092802985, "TRAIN Pri": 13.754857013782864, "TRAIN H": 0.0002930749848241772, "TRAIN Rec_state": 0.000906170505210455, "TRAIN metric": 0.010639960915545973, "_timestamp": 1667386970.6266742, "VALID loss": 13.983485678100585, "VALID Rec_skill": 0.013220194487273693, "VALID Reg": 0.013247241976857185, "VALID Pri": 13.881823413085938, "VALID H": 0.004402953832596541, "VALID Rec_state": 0.0840377555012703, "VALID metric": 0.016941222708091435, "_runtime": 677.2479810714722, "_step": 28, "_wandb": {"runtime": 696}}