{"TRAIN loss": 14.205120983249131, "TRAIN recon_skill": 0.01934054471555999, "TRAIN post_reg": 4.2003523654773585e-06, "TRAIN prior": 14.185310210995935, "TRAIN recon_h": 8.997825520057854e-06, "TRAIN recon_state": 0.0003655908647503394, "TRAIN recon_masked": 9.564892555238456e-05, "TRAIN metric": 0.019652602649148348, "_timestamp": 1667268672.229241, "VALID loss": 14.289627932739258, "VALID recon_skill": 0.05723325302004814, "VALID post_reg": 3.5148538358043877e-06, "VALID prior": 14.2076109375, "VALID recon_h": 0.0005281082096509636, "VALID recon_state": 0.01979250012934208, "VALID recon_masked": 0.004462817977368832, "VALID metric": 0.05723929951215512, "_runtime": 1098.3666138648987, "_step": 49, "_wandb": {"runtime": 1097}}