{"TRAIN loss": 13.35373975203787, "TRAIN recon_mse": 0.012601898587511713, "TRAIN recon_prior": 0.019664960820634392, "TRAIN reg_kld": 1.6606099198302682, "TRAIN prior_kld": 1.2129224861713743, "TRAIN metric": 2.886134304589154, "_timestamp": 1665987268.3333435, "VALID loss": 13.343568005371093, "VALID recon_mse": 0.013147039037942886, "VALID recon_prior": 0.016845380455255507, "VALID reg_kld": 1.755404009628296, "VALID prior_kld": 1.2213120235443116, "VALID metric": 2.98986307221055, "_runtime": 90.97772240638733, "_step": 2, "_wandb": {"runtime": 93}}