{"TRAIN loss": 12.044531218713292, "TRAIN Rec_skill": 0.009022090364548305, "TRAIN Reg": 2.879418272577483, "TRAIN Pri": 12.032475098787504, "TRAIN Rec_state": 0.0027460721205398594, "TRAIN metric": 2.0233007158719905, "_timestamp": 1667374368.53861, "VALID loss": 20.342584405517577, "VALID Rec_skill": 0.013668600568175315, "VALID Reg": 3.0933872703552248, "VALID Pri": 19.748363208007813, "VALID Rec_state": 0.5802432203292847, "VALID metric": 10.18838085372392, "_runtime": 334.731458902359, "_step": 13, "_wandb": {"runtime": 346}}