{"TRAIN loss": 13.254640874577149, "TRAIN recon_skill": 0.015510409584904418, "TRAIN post_reg": 0.12700088168873505, "TRAIN prior": 13.239066967510356, "TRAIN prior_kld": 0.05672767429688972, "TRAIN metric": 0.07230158432263857, "_timestamp": 1667305356.723457, "VALID loss": 13.491841481018067, "VALID recon_skill": 0.014752830800414085, "VALID post_reg": 0.05259249038100242, "VALID prior": 13.477062365722656, "VALID prior_kld": 0.012633062654733658, "VALID metric": 0.027412189700338246, "_runtime": 113.83695220947266, "_step": 4, "_wandb": {"runtime": 113}}