{"TRAIN loss": 13.151473089266887, "TRAIN recon_skill": 0.014191731091897036, "TRAIN post_reg": 1.7903284741782755, "TRAIN prior": 13.136386191605265, "TRAIN prior_kld": 1.312283628258502, "TRAIN metric": 1.3273705235874884, "_timestamp": 1665994489.9435287, "VALID loss": 13.307659104919434, "VALID recon_skill": 0.014078023542463779, "VALID post_reg": 1.661623861503601, "VALID prior": 13.292750204467774, "VALID prior_kld": 1.3141584175109864, "VALID metric": 1.3290672529842016, "_runtime": 62.484463691711426, "_step": 1, "_wandb": {"runtime": 66}}