{"TRAIN loss": 13.574580920818708, "TRAIN recon_skill": 0.021637964616495264, "TRAIN post_reg": 0.05345995922600038, "TRAIN prior": 13.547028617343555, "TRAIN recon_h": 0.0016166212077592603, "TRAIN recon_state": 0.003140129108777606, "TRAIN recon_masked": 0.0011308648655714343, "TRAIN metric": 0.04816800225722011, "_timestamp": 1667224789.9626906, "VALID loss": 13.089438543701172, "VALID recon_skill": 0.0595854759812355, "VALID post_reg": 0.15941285898685456, "VALID prior": 12.998788134765626, "VALID recon_h": 0.0012333249844610691, "VALID recon_state": 0.022033318462967872, "VALID recon_masked": 0.007718705420941115, "VALID metric": 0.10005692259575127, "_runtime": 265.01256465911865, "_step": 10, "_wandb": {"runtime": 277}}