{"TRAIN loss": 13.487943151788924, "TRAIN Rec_skill": 0.014888944591702723, "TRAIN Reg": 0.07237080575741268, "TRAIN Pri": 13.473006890541061, "TRAIN H": 1.1109148417761252e-05, "TRAIN metric": 0.04761664469853625, "_timestamp": 1667306271.8730576, "VALID loss": 13.69651756286621, "VALID Rec_skill": 0.015333625051379203, "VALID Reg": 0.035799343079328534, "VALID Pri": 13.680890672302246, "VALID H": 0.00027538089053705337, "VALID metric": 0.035126125938043, "_runtime": 96.67936968803406, "_step": 3, "_wandb": {"runtime": 99}}