{"TRAIN loss": 12.088187415333838, "TRAIN Rec_skill": 0.024084347635664756, "TRAIN Reg": 0.49856736034587723, "TRAIN Pri": 12.063962063397453, "TRAIN H": 1.6353737398974728e-05, "TRAIN metric": 0.14005113092516647, "_timestamp": 1667298834.6831558, "VALID loss": 11.563959158325195, "VALID Rec_skill": 0.07331570572853088, "VALID Reg": 0.7283565274238586, "VALID Pri": 11.490457725524902, "VALID H": 3.38149997551227e-06, "VALID metric": 0.19348415659048557, "_runtime": 94.36760687828064, "_step": 3, "_wandb": {"runtime": 104}}