{"TRAIN loss": 14.188918767754979, "TRAIN recon_skill": 0.0064459767088807865, "TRAIN post_reg": 2.015135342776329e-06, "TRAIN prior": 14.182472794648454, "TRAIN prior_kld": 6.101731154658576e-05, "TRAIN metric": 0.0065069950279950375, "_timestamp": 1666920462.5529504, "VALID loss": 14.181707034301757, "VALID recon_skill": 0.012502004654705525, "VALID post_reg": 1.8780238689942052e-06, "VALID prior": 14.169205055236816, "VALID prior_kld": 6.945482458104379e-06, "VALID metric": 0.012508951076175563, "_runtime": 915.1855783462524, "_step": 41, "_wandb": {"runtime": 922}}