{"TRAIN loss": 13.721084555346197, "TRAIN recon_skill": 0.012437146775336827, "TRAIN post_reg": 0.027846963686512644, "TRAIN prior": 13.708633477651661, "TRAIN prior_kld": 0.013844152407889948, "TRAIN metric": 0.02629522266507004, "_timestamp": 1666004103.8413382, "VALID loss": 13.757066841125487, "VALID recon_skill": 0.016416573981940748, "VALID post_reg": 0.019696502414345743, "VALID prior": 13.740640432739259, "VALID prior_kld": 0.004301220653951168, "VALID metric": 0.020727642887099093, "_runtime": 92.35863423347473, "_step": 2, "_wandb": {"runtime": 102}}