{"TRAIN loss": 14.214195477623, "TRAIN recon_skill": 0.005961331679985592, "TRAIN recon_prior": 0.005961350410011489, "TRAIN recon_prior_pseudo": 0.005961364066235827, "TRAIN recon_g": 0.019767711179021888, "TRAIN post_reg": 1.5584399424103968e-06, "TRAIN prior": 14.188466431685441, "TRAIN prior_kld": 4.501300297001679e-06, "TRAIN prior_VAT": 5.924174054677577e-08, "TRAIN pseudo_prior_kld": 4.500932101827359e-06, "TRAIN metric": 0.02573360418026499, "_timestamp": 1666052792.6322417, "VALID loss": 14.274261601257324, "VALID recon_skill": 0.01267248353511095, "VALID recon_prior": 0.012672307266294956, "VALID recon_prior_pseudo": 0.012672052070498466, "VALID recon_g": 0.0550802694439888, "VALID post_reg": 8.290095514894346e-07, "VALID prior": 14.206508560180664, "VALID prior_kld": 4.729033490002621e-06, "VALID prior_VAT": 3.674397339295865e-07, "VALID pseudo_prior_kld": 4.130466964852531e-06, "VALID metric": 0.06775784986682847, "_runtime": 1649.2806787490845, "_step": 45, "_wandb": {"runtime": 1675}}