{"TRAIN loss": 13.257994806349254, "TRAIN recon_skill": 0.02841242799859562, "TRAIN post_reg": 0.11841036214749905, "TRAIN prior": 13.229523179354096, "TRAIN prior_kld": 0.04963746631529945, "TRAIN metric": 0.07810909949496883, "_timestamp": 1667301950.1114173, "VALID loss": 12.96811948852539, "VALID recon_skill": 0.08468135817050934, "VALID post_reg": 0.20951364016532897, "VALID prior": 12.883333348083497, "VALID prior_kld": 0.035546200233697894, "VALID metric": 0.12033231522428989, "_runtime": 111.54844927787781, "_step": 4, "_wandb": {"runtime": 121}}