{"TRAIN loss": 11.7207519001216, "TRAIN Rec_skill": 0.005510686412931214, "TRAIN Reg": 5.62206019482719, "TRAIN Pri": 11.710534171567534, "TRAIN H": 0.0014826708703417082, "TRAIN Rec_state": 0.0029432569908382443, "TRAIN metric": 3.8173570483858237, "_timestamp": 1667376961.198261, "VALID loss": 2262.337045703125, "VALID Rec_skill": 0.009135559424757958, "VALID Reg": 5.75509070968628, "VALID Pri": 2262.02486328125, "VALID H": 0.036875345849990845, "VALID Rec_state": 0.2657964951992035, "VALID metric": 2254.20549284521, "_runtime": 747.8497030735016, "_step": 30, "_wandb": {"runtime": 771}}