{"TRAIN loss": 9.916386963166088, "TRAIN Rec_skill": 0.007376605062712641, "TRAIN Reg": 8.0949468064461, "TRAIN Pri": 9.90858379674451, "TRAIN H": 2.1814729122705447e-05, "TRAIN metric": 5.771938495305277, "_timestamp": 1667308083.0223749, "VALID loss": 14.138388005065918, "VALID Rec_skill": 0.009223320840299129, "VALID Reg": 8.647831869506836, "VALID Pri": 14.128424090576171, "VALID H": 0.00030853768214583396, "VALID metric": 10.784583585663754, "_runtime": 328.54004096984863, "_step": 13, "_wandb": {"runtime": 351}}