{"TRAIN loss": 4.523172034200633, "TRAIN Rec_skill": 0.030509374419450154, "TRAIN Reg": 6.451788008577683, "TRAIN Pri": 4.491938909184969, "TRAIN H": 7.857633951476881e-05, "TRAIN metric": 0.6859019235537909, "_timestamp": 1667308507.6218529, "VALID loss": 4.199935598754883, "VALID Rec_skill": 0.02210642056763172, "VALID Reg": 6.364124977111817, "VALID Pri": 4.176836441802979, "VALID H": 0.0003563363576773554, "VALID metric": 0.6337150303118944, "_runtime": 26.940202951431274, "_step": 0, "_wandb": {"runtime": 27}}