{"TRAIN loss": 13.521285488682683, "TRAIN recon_skill": 0.014184339897532552, "TRAIN post_reg": 0.05516333164667926, "TRAIN prior": 13.50707357051919, "TRAIN prior_kld": 0.027625819216126057, "TRAIN metric": 0.04183774077948195, "_timestamp": 1666003735.7439692, "VALID loss": 13.749137442016602, "VALID recon_skill": 0.017348992535471917, "VALID post_reg": 0.022346064856648445, "VALID prior": 13.73177735748291, "VALID prior_kld": 0.004607356615364552, "VALID metric": 0.021967522183264785, "_runtime": 63.48702931404114, "_step": 1, "_wandb": {"runtime": 71}}