{"TRAIN loss": 13.968082684511877, "TRAIN recon_skill": 0.009334004857353338, "TRAIN recon_g": 0.02921589012948785, "TRAIN post_reg": 0.007759447368849485, "TRAIN prior": 13.929010325472447, "TRAIN prior_kld": 0.002688816538034668, "TRAIN prior_VAT": 0.0005185848957954954, "TRAIN metric": 0.04176117614435583, "_timestamp": 1666001007.8103235, "VALID loss": 14.065019973754882, "VALID recon_skill": 0.014614439344406129, "VALID recon_g": 0.04857821521162987, "VALID post_reg": 0.0036877236247062684, "VALID prior": 14.001682159423828, "VALID prior_kld": 0.0015110664196312427, "VALID prior_VAT": 0.00014332258976064622, "VALID metric": 0.06484888742724024, "_runtime": 308.1855115890503, "_step": 8, "_wandb": {"runtime": 316}}