{"TRAIN loss": 17.295488578059757, "TRAIN recon_skill": 0.012588469231940246, "TRAIN recon_g": 3.581256031039472, "TRAIN post_reg": 0.0308388748595185, "TRAIN prior": 13.691037347727809, "TRAIN prior_kld": 0.014469806319249994, "TRAIN prior_VAT": 0.010591308439194563, "TRAIN metric": 3.6189210344672915, "_timestamp": 1666001513.5316286, "VALID loss": 17.378666204833983, "VALID recon_skill": 0.013510946084558963, "VALID recon_g": 3.50202154006958, "VALID post_reg": 0.014273647907376289, "VALID prior": 13.851622111511231, "VALID prior_kld": 0.0028831593487411737, "VALID prior_VAT": 0.011504434260725975, "VALID metric": 3.5299272165875593, "_runtime": 96.18956470489502, "_step": 2, "_wandb": {"runtime": 123}}