{"TRAIN loss": 13.517532201560371, "TRAIN recon_skill": 0.014148423965446062, "TRAIN post_reg": 0.05647963934512035, "TRAIN prior": 13.50335553620437, "TRAIN prior_kld": 0.02738391910266985, "TRAIN metric": 0.04156058288778858, "_timestamp": 1666002119.7001097, "VALID loss": 13.641352937316894, "VALID recon_skill": 0.01648197661936283, "VALID post_reg": 0.029900714018940927, "VALID prior": 13.624855868530274, "VALID prior_kld": 0.0026579759273678066, "VALID metric": 0.019154902903740105, "_runtime": 65.00138783454895, "_step": 1, "_wandb": {"runtime": 68}}