{"TRAIN loss": 11.925678972624185, "TRAIN Rec_skill": 0.01750893307045918, "TRAIN Reg": 4.665412370263926, "TRAIN Pri": 11.905741698785437, "TRAIN H": 0.0012619890023325144, "TRAIN metric": 3.2147160680863616, "_timestamp": 1667292475.70842, "VALID loss": 13.401754441833496, "VALID Rec_skill": 0.0335003673017025, "VALID Reg": 5.232389779663086, "VALID Pri": 13.363230737304688, "VALID H": 0.003715279835090041, "VALID metric": 5.275912882166052, "_runtime": 88.86074304580688, "_step": 3, "_wandb": {"runtime": 102}}