{"TRAIN loss": 11.21916940021128, "TRAIN recon_skill": 0.028449899621114407, "TRAIN recon_g": 0.042701250028444486, "TRAIN post_reg": 3.1508356363695365, "TRAIN prior": 11.146442828547302, "TRAIN prior_kld": 1.606282947939453, "TRAIN metric": 1.6790095154071962, "_timestamp": 1665996281.3647153, "VALID loss": 13.0139915725708, "VALID recon_skill": 0.014893450911343097, "VALID recon_g": 0.00015871791827958077, "VALID post_reg": 1.9360843746185303, "VALID prior": 12.997971380615235, "VALID prior_kld": 1.4265585468292237, "VALID metric": 1.4425787578461555, "_runtime": 36.48003935813904, "_step": 0, "_wandb": {"runtime": 53}}