{"TRAIN loss": 13.168697128801945, "TRAIN recon_skill": 0.016344935390685683, "TRAIN post_reg": 0.15581648150160757, "TRAIN prior": 13.15227429385079, "TRAIN prior_kld": 0.0694369803432398, "TRAIN metric": 0.08585982397467634, "_timestamp": 1667304883.439038, "VALID loss": 13.001040986633301, "VALID recon_skill": 0.022475683611631395, "VALID post_reg": 0.23325498924255372, "VALID prior": 12.978448503112793, "VALID prior_kld": 0.08763747509717941, "VALID metric": 0.1102297862034321, "_runtime": 109.1571991443634, "_step": 4, "_wandb": {"runtime": 108}}