{"TRAIN loss": 14.117312513058181, "TRAIN recon_skill": 0.010727699866753381, "TRAIN post_reg": 0.0019307461085370846, "TRAIN prior": 14.106580960954275, "TRAIN prior_kld": 0.01963118904344511, "TRAIN metric": 0.03036275040241559, "_timestamp": 1666921091.9643052, "VALID loss": 14.028604060363769, "VALID recon_skill": 0.015741147097945215, "VALID post_reg": 0.0028126628391444684, "VALID prior": 14.012857023620606, "VALID prior_kld": 0.0009295207586139441, "VALID metric": 0.016676293182237446, "_runtime": 220.4163200855255, "_step": 9, "_wandb": {"runtime": 240}}