{"TRAIN loss": 13.151710185011115, "TRAIN recon_skill": 0.009506502534932708, "TRAIN post_reg": 2.9573682209544927, "TRAIN prior": 13.140724974377305, "TRAIN prior_kld": 1.9201684329363686, "TRAIN metric": 1.9311536195817776, "_timestamp": 1666623430.5781274, "VALID loss": 13.880737062072754, "VALID recon_skill": 0.022159921851754187, "VALID post_reg": 4.096190017700195, "VALID prior": 13.856529010009766, "VALID prior_kld": 3.7215404808044434, "VALID metric": 3.7457484976650477, "_runtime": 1524.1831753253937, "_step": 69, "_wandb": {"runtime": 1523}}