{"TRAIN loss": 13.406455624245726, "TRAIN recon_skill": 0.014789813007281348, "TRAIN post_reg": 0.09207074275791463, "TRAIN prior": 13.391619772072689, "TRAIN prior_kld": 0.048972205821305334, "TRAIN metric": 0.06380805419996566, "_timestamp": 1667305980.499378, "VALID loss": 13.742545866394043, "VALID recon_skill": 0.017251914304494857, "VALID post_reg": 0.022079636606574058, "VALID prior": 13.72528302154541, "VALID prior_kld": 0.011725460106134414, "VALID metric": 0.02898841422893256, "_runtime": 138.38910102844238, "_step": 5, "_wandb": {"runtime": 145}}