{"tr_return": 1.0, "qf_loss": 0.004357198253273964, "policy_loss": -0.021444477140903473, "kl": 0.00030007355962879956, "mean_policy_scale": 0.8897045254707336, "alpha_loss": 0.0, "alpha": 0.10517092049121857, "episode_i": 43, "_timestamp": 1667974088.5326104, "_runtime": 319.48181343078613, "_step": 43, "_wandb": {"runtime": 323}}