{"TRAIN loss": 14.182985214552193, "TRAIN Rec_skill": 0.007724453819198553, "TRAIN Reg": 1.6205649838942712e-05, "TRAIN Pri": 14.175141229802067, "TRAIN H": 0.00011952833247590153, "TRAIN metric": 0.0078101742203906515, "_timestamp": 1667311077.9402902, "VALID loss": 14.215482409667969, "VALID Rec_skill": 0.01433938755095005, "VALID Reg": 1.689518358616624e-05, "VALID Pri": 14.201083781433105, "VALID H": 5.933913880144246e-05, "VALID metric": 0.014352760435868077, "_runtime": 1162.648192167282, "_step": 49, "_wandb": {"runtime": 1162}}