{"tr_return": 0.0, "qf_loss": 0.00018199897021986544, "policy_loss": 0.019397927448153496, "kl": 0.0001958296197699383, "mean_policy_scale": 0.8923172354698181, "alpha_loss": 0.0, "alpha": 0.10517092049121857, "episode_i": 17, "_timestamp": 1667985566.044072, "_runtime": 95.58510088920593, "_step": 17, "_wandb": {"runtime": 100}}