{"TRAIN loss": 13.303630451072399, "TRAIN recon_mse": 0.016181713984565124, "TRAIN recon_prior": 0.01619932032329376, "TRAIN reg_kld": 0.11215339333708824, "TRAIN prior_kld": 0.05138246759554073, "TRAIN metric": 0.1797175749171941, "_timestamp": 1667300493.4631054, "VALID loss": 13.222418173217774, "VALID recon_mse": 0.01688423652648926, "VALID recon_prior": 0.016774167579412462, "VALID reg_kld": 0.10831600190401078, "VALID prior_kld": 0.030681592845916747, "VALID metric": 0.15588183127641678, "_runtime": 131.6919174194336, "_step": 4, "_wandb": {"runtime": 134}}