{"TRAIN loss": 12.721801067134091, "TRAIN recon_skill": 0.030966814966916917, "TRAIN post_reg": 0.2571933559242175, "TRAIN prior": 12.690705660616118, "TRAIN prior_kld": 0.07052269464988738, "TRAIN metric": 0.10161810629476634, "_timestamp": 1667301062.7168477, "VALID loss": 13.185825956726074, "VALID recon_skill": 0.084599960231781, "VALID post_reg": 0.1508746000766754, "VALID prior": 13.101150729370117, "VALID prior_kld": 0.07705859388113022, "VALID metric": 0.16173399141294956, "_runtime": 68.54994368553162, "_step": 2, "_wandb": {"runtime": 85}}