{"TRAIN loss": 13.386553206475124, "TRAIN recon_mse": 0.01563195019440525, "TRAIN recon_prior": 0.01564187097055554, "TRAIN reg_kld": 0.08844333921651569, "TRAIN prior_kld": 0.03888617012683325, "TRAIN metric": 0.1429614595377542, "_timestamp": 1667301560.1831496, "VALID loss": 13.319418562316894, "VALID recon_mse": 0.01684063373208046, "VALID recon_prior": 0.016957291322946547, "VALID reg_kld": 0.08592308833599091, "VALID prior_kld": 0.026789076736569405, "VALID metric": 0.12955279880464077, "_runtime": 159.37421655654907, "_step": 5, "_wandb": {"runtime": 161}}