{"TRAIN loss": 12.704719774302701, "TRAIN recon_skill": 0.030385313782921065, "TRAIN post_reg": 0.25899227554890014, "TRAIN prior": 12.674204972536037, "TRAIN prior_kld": 0.0713052126840029, "TRAIN metric": 0.10182002260469834, "_timestamp": 1667303845.5818496, "VALID loss": 13.233069943237306, "VALID recon_skill": 0.07478220725059509, "VALID post_reg": 0.1277584531545639, "VALID prior": 13.158223811340331, "VALID prior_kld": 0.0662937953710556, "VALID metric": 0.14113988184822798, "_runtime": 72.9527645111084, "_step": 2, "_wandb": {"runtime": 76}}