{"TRAIN loss": 14.211753523409149, "TRAIN recon_skill": 0.01690786954287825, "TRAIN post_reg": 7.174946921100821e-07, "TRAIN prior": 14.194845656276184, "TRAIN prior_kld": 1.7200480486643187e-05, "TRAIN metric": 0.016925070382112245, "_timestamp": 1666618821.3532033, "VALID loss": 14.24911707458496, "VALID recon_skill": 0.06514818169474602, "VALID post_reg": 6.924943407284445e-07, "VALID prior": 14.183968881225585, "VALID prior_kld": 1.2890058352786582e-05, "VALID metric": 0.06516107209934598, "_runtime": 1518.0031542778015, "_step": 69, "_wandb": {"runtime": 1517}}