{"TRAIN loss": 12.020835297418559, "TRAIN recon_skill": 0.018103592121211196, "TRAIN post_reg": 2.420417475505581, "TRAIN prior": 12.001521506266565, "TRAIN prior_kld": 1.622389505026355, "TRAIN metric": 1.641703305885318, "_timestamp": 1667304061.0630739, "VALID loss": 12.082831080627441, "VALID recon_skill": 0.017904654398560524, "VALID post_reg": 2.196906206893921, "VALID prior": 12.0638279296875, "VALID prior_kld": 1.4379977136611939, "VALID metric": 1.4570008211632015, "_runtime": 54.805954933166504, "_step": 1, "_wandb": {"runtime": 62}}