{"TRAIN loss": 13.59368020935368, "TRAIN recon_mse": 0.006488998483979799, "TRAIN recon_prior": 0.009728472293591464, "TRAIN reg_kld": 1.413603632196113, "TRAIN prior_kld": 0.8134411194243247, "TRAIN metric": 2.2335337501044177, "_timestamp": 1666019101.4801884, "VALID loss": 14.203279273986816, "VALID recon_mse": 0.010845612278580665, "VALID recon_prior": 0.014285865542292595, "VALID reg_kld": 1.3129512805938721, "VALID prior_kld": 1.3356341823577882, "VALID metric": 2.659431075230241, "_runtime": 1755.4062063694, "_step": 49, "_wandb": {"runtime": 1754}}