{"TRAIN loss": 13.380857334463494, "TRAIN recon_skill": 0.00672428862931732, "TRAIN recon_prior": 0.01104934626395151, "TRAIN recon_prior_pseudo": 0.01121551488634297, "TRAIN recon_g": 0.0396359135820706, "TRAIN post_reg": 2.5077629148146685, "TRAIN prior": 13.301370745792351, "TRAIN prior_kld": 1.673071778540002, "TRAIN prior_VAT": 0.032875640500948954, "TRAIN pseudo_prior_kld": 1.7012722109336156, "TRAIN metric": 1.75255839754382, "_timestamp": 1666760376.631832, "VALID loss": 13.57836517791748, "VALID recon_skill": 0.011339860258996486, "VALID recon_prior": 0.015372948823869229, "VALID recon_prior_pseudo": 0.015845612105727196, "VALID recon_g": 0.0331154646217823, "VALID post_reg": 2.6455275299072265, "VALID prior": 13.494569883728028, "VALID prior_kld": 1.8940601114273072, "VALID prior_VAT": 0.03907569912075996, "VALID pseudo_prior_kld": 1.8657167516708375, "VALID metric": 1.9778556881818368, "_runtime": 1626.3898739814758, "_step": 69, "_wandb": {"runtime": 1625}}