{"TRAIN loss": 13.484671108129783, "TRAIN Rec_skill": 0.014428259052726124, "TRAIN Reg": 0.06484351027612754, "TRAIN Pri": 13.47019512968547, "TRAIN H": 1.5281627293880456e-05, "TRAIN metric": 0.0374675961460565, "_timestamp": 1667305712.3424103, "VALID loss": 13.852078370666504, "VALID Rec_skill": 0.017482108351588248, "VALID Reg": 0.01940757632255554, "VALID Pri": 13.834580740356445, "VALID H": 5.847049522708403e-06, "VALID metric": 0.04769378868043423, "_runtime": 120.2591302394867, "_step": 4, "_wandb": {"runtime": 119}}