{"TRAIN loss": 13.420761277090076, "TRAIN recon_mse": 0.015050524154226872, "TRAIN recon_prior": 0.015065374582056826, "TRAIN reg_kld": 0.08522714747650507, "TRAIN prior_kld": 0.04327089648760598, "TRAIN metric": 0.14354856811833794, "_timestamp": 1667485175.8522797, "VALID loss": 13.461752839660644, "VALID recon_mse": 0.014864023733139038, "VALID recon_prior": 0.014846749725937844, "VALID reg_kld": 0.061931775623559955, "VALID prior_kld": 0.02453986294269562, "VALID metric": 0.10133566229939461, "_runtime": 183.3177707195282, "_step": 6, "_wandb": {"runtime": 194}}