{"TRAIN loss": 13.966592003041978, "TRAIN recon_skill": 0.008703071445264452, "TRAIN post_reg": 0.00551318056652772, "TRAIN prior": 13.957886172237744, "TRAIN prior_kld": 0.0009144830040826366, "TRAIN metric": 0.009620311039630356, "_timestamp": 1665989340.0180144, "VALID loss": 13.989583612060548, "VALID recon_skill": 0.011994449189305305, "VALID post_reg": 0.005670757088065147, "VALID prior": 13.977586387634277, "VALID prior_kld": 0.0007335652940906584, "VALID metric": 0.012730849861939997, "_runtime": 392.84754252433777, "_step": 12, "_wandb": {"runtime": 396}}