{"TRAIN loss": 13.917816876151063, "TRAIN recon_skill": 0.010201241919842622, "TRAIN recon_prior": 0.010203639097386332, "TRAIN recon_g": 0.017368620813946273, "TRAIN post_reg": 0.010212116530712535, "TRAIN prior": 13.889584450466009, "TRAIN prior_kld": 0.005350761076167196, "TRAIN prior_VAT": 0.000657439057580139, "TRAIN metric": 0.03358316892580154, "_timestamp": 1666010061.5662966, "VALID loss": 13.900462870788575, "VALID recon_skill": 0.01645257342159748, "VALID recon_prior": 0.016402086575329305, "VALID recon_g": 0.030133606699109076, "VALID post_reg": 0.009845936144888401, "VALID prior": 13.853837748718261, "VALID prior_kld": 0.0005452354706823825, "VALID prior_VAT": 3.39778662801109e-05, "VALID metric": 0.04717031642574149, "_runtime": 246.96682953834534, "_step": 6, "_wandb": {"runtime": 271}}