{"TRAIN loss": 14.205786827545476, "TRAIN recon_skill": 0.018013518957970532, "TRAIN post_reg": 8.556331202017732e-07, "TRAIN prior": 14.187773294704972, "TRAIN prior_kld": 1.2113164370014326e-05, "TRAIN metric": 0.018025632550157104, "_timestamp": 1666669425.64194, "VALID loss": 14.380490393066406, "VALID recon_skill": 0.195546559381485, "VALID post_reg": 2.8378010840242496e-06, "VALID prior": 14.184943969726563, "VALID prior_kld": 0.0006224705151282251, "VALID metric": 0.19616903131551375, "_runtime": 1543.9126601219177, "_step": 69, "_wandb": {"runtime": 1543}}