{"TRAIN loss": 12.41929981354874, "TRAIN recon_skill": 0.011200645109982386, "TRAIN post_reg": 4.078515807431126, "TRAIN prior": 12.401843656039286, "TRAIN recon_h": 0.003177566439758903, "TRAIN recon_state": 0.0017309592277291428, "TRAIN recon_masked": 0.0003273562541448759, "TRAIN metric": 2.8086061630884873, "_timestamp": 1667225413.2216978, "VALID loss": 14.79896435546875, "VALID recon_skill": 0.028253425046801568, "VALID post_reg": 4.842771249389648, "VALID prior": 14.745823545837402, "VALID recon_h": 0.0021308554381132125, "VALID recon_state": 0.020274147269129753, "VALID recon_masked": 0.0012713501600548625, "VALID metric": 5.980961567352558, "_runtime": 599.1798977851868, "_step": 24, "_wandb": {"runtime": 611}}