{"TRAIN loss": 8.71444617880382, "TRAIN Rec_skill": 0.052055615080747956, "TRAIN Reg": 6.168661067552856, "TRAIN Pri": 8.659306250716513, "TRAIN Pri_kld": 2.9731210633926413, "TRAIN metric": 3.028261009007166, "_timestamp": 1667987729.203909, "VALID loss": 10.388925418090821, "VALID Rec_skill": 0.01916817025542259, "VALID Reg": 5.112625073242188, "VALID Pri": 10.367200776672362, "VALID Pri_kld": 2.7730506385803224, "VALID metric": 2.7947751213723655, "_runtime": 29.62063694000244, "_step": 0, "_wandb": {"runtime": 39}}