{"TRAIN loss": 14.197732423945615, "TRAIN recon_skill": 0.009407519702880849, "TRAIN post_reg": 6.061780437766069e-07, "TRAIN prior": 14.188324904217826, "TRAIN prior_kld": 3.3626694732339026e-05, "TRAIN metric": 0.009441146700702206, "_timestamp": 1666582943.651822, "VALID loss": 14.218966355895995, "VALID recon_skill": 0.013579468634724617, "VALID post_reg": 5.981102550322248e-07, "VALID prior": 14.20538705291748, "VALID prior_kld": 1.1164015173562802e-05, "VALID metric": 0.013590632948953308, "_runtime": 1799.2089490890503, "_step": 69, "_wandb": {"runtime": 1798}}