{"TRAIN loss": 13.114382640762793, "TRAIN Rec_skill": 0.0065273932897128755, "TRAIN Reg": 3.012991316524142, "TRAIN Pri": 13.106348757648275, "TRAIN Pri_kld": 1.9927223649496963, "TRAIN metric": 2.000756253897673, "_timestamp": 1667975173.0901904, "VALID loss": 13.776904733276368, "VALID Rec_skill": 0.00992240472137928, "VALID Reg": 3.047202039718628, "VALID Pri": 13.765458543395996, "VALID Pri_kld": 2.5579266761779786, "VALID metric": 2.569372681919217, "_runtime": 856.3142104148865, "_step": 32, "_wandb": {"runtime": 881}}