{"TRAIN loss": 13.077330747024815, "TRAIN recon_skill": 0.025008167812252385, "TRAIN post_reg": 0.17279103460991962, "TRAIN prior": 13.05223615210419, "TRAIN prior_kld": 0.06889711164303472, "TRAIN metric": 0.09399167497259206, "_timestamp": 1667301251.5481515, "VALID loss": 13.174830648803711, "VALID recon_skill": 0.06450485372543335, "VALID post_reg": 0.33975202560424805, "VALID prior": 13.110155981445313, "VALID prior_kld": 0.3991974672794342, "VALID metric": 0.46387219701766974, "_runtime": 112.72180342674255, "_step": 4, "_wandb": {"runtime": 113}}