{"TRAIN loss": 14.016758898017372, "TRAIN recon_skill": 0.008242004989338454, "TRAIN recon_prior": 0.008240631530288811, "TRAIN recon_g": 0.013396740386541366, "TRAIN post_reg": 0.003914500964822485, "TRAIN prior": 13.995117135406556, "TRAIN prior_kld": 0.0008074168338153689, "TRAIN prior_VAT": 1.1055312559954007e-06, "TRAIN metric": 0.022449224991433602, "_timestamp": 1666009774.3071182, "VALID loss": 14.026035311889649, "VALID recon_skill": 0.015249351328611374, "VALID recon_prior": 0.015373159331083297, "VALID recon_g": 0.030379140198230743, "VALID post_reg": 0.0042061617761850354, "VALID prior": 13.980403704833984, "VALID prior_kld": 0.0006430103302933276, "VALID prior_VAT": 6.34914889724314e-07, "VALID metric": 0.04627423985291326, "_runtime": 697.4898862838745, "_step": 20, "_wandb": {"runtime": 726}}