{"TRAIN loss": 11.64679829517233, "TRAIN recon_skill": 0.008349059810989648, "TRAIN post_reg": 7.700653690331171, "TRAIN prior": 11.637679156577708, "TRAIN prior_kld": 5.217077982609654, "TRAIN metric": 5.226197107789679, "_timestamp": 1666671271.925948, "VALID loss": 35.278999661254886, "VALID recon_skill": 0.1418938128709793, "VALID post_reg": 8.75703913116455, "VALID prior": 35.13623095703125, "VALID prior_kld": 29.651425665283202, "VALID metric": 29.794195182067295, "_runtime": 984.1951379776001, "_step": 44, "_wandb": {"runtime": 996}}