{"TRAIN loss": 13.953211633666001, "TRAIN recon_skill": 0.009617344948661496, "TRAIN recon_prior": 0.00961326317610049, "TRAIN recon_prior_pseudo": 0.00961717955039372, "TRAIN recon_g": 0.018511821828413808, "TRAIN post_reg": 0.008065561204660933, "TRAIN prior": 13.925054370932743, "TRAIN prior_kld": 0.003552412650112486, "TRAIN prior_VAT": 2.4064960173852013e-05, "TRAIN pseudo_prior_kld": 0.0035516429733339523, "TRAIN metric": 0.031709677167963926, "_timestamp": 1666012585.0731854, "VALID loss": 13.987002133178711, "VALID recon_skill": 0.014922368437051773, "VALID recon_prior": 0.014946727475523948, "VALID recon_prior_pseudo": 0.014925395748019219, "VALID recon_g": 0.041354405069351195, "VALID post_reg": 0.004302801564335823, "VALID prior": 13.93072275390625, "VALID prior_kld": 0.0012743261279538273, "VALID prior_VAT": 4.163156480899488e-07, "VALID pseudo_prior_kld": 0.0012816481528803707, "VALID metric": 0.057553667350787055, "_runtime": 321.3227913379669, "_step": 8, "_wandb": {"runtime": 349}}