{"TRAIN loss": 12.63600343090777, "TRAIN Rec_skill": 0.031045916652797323, "TRAIN Reg": 0.26949893422859433, "TRAIN Pri": 12.604807078607958, "TRAIN H": 1.5696379975488672e-05, "TRAIN metric": 0.08345288143261581, "_timestamp": 1667300093.25743, "VALID loss": 12.932979943847656, "VALID Rec_skill": 0.08531092419624328, "VALID Reg": 0.21862504997253418, "VALID Pri": 12.847521490478515, "VALID H": 3.8129181251861156e-05, "VALID metric": 0.14595594446916582, "_runtime": 48.78170704841614, "_step": 1, "_wandb": {"runtime": 64}}