{"TRAIN loss": 13.786085473349612, "TRAIN recon_skill": 0.011830194444753396, "TRAIN post_reg": 1.4501879582542434, "TRAIN prior": 13.773530185577206, "TRAIN prior_kld": 1.0291215457152159, "TRAIN metric": 1.0416768341390963, "_timestamp": 1666621893.8240905, "VALID loss": 13.96415311126709, "VALID recon_skill": 0.02765462634265423, "VALID post_reg": 2.5333606502532957, "VALID prior": 13.935231954956055, "VALID prior_kld": 2.2044110427856447, "VALID metric": 2.2333323494534256, "_runtime": 1521.8760435581207, "_step": 69, "_wandb": {"runtime": 1521}}