{"TRAIN loss": 14.203051066399007, "TRAIN recon_skill": 0.01690256215023523, "TRAIN post_reg": 6.043924352529821e-07, "TRAIN prior": 14.186148505961823, "TRAIN prior_kld": 2.4237493174317064e-05, "TRAIN metric": 0.016926799945605767, "_timestamp": 1666620360.8691587, "VALID loss": 14.298090318298339, "VALID recon_skill": 0.04424054888486862, "VALID post_reg": 5.585296195022238e-07, "VALID prior": 14.2538499710083, "VALID prior_kld": 8.20658123557223e-06, "VALID metric": 0.04424875574536901, "_runtime": 1529.2427456378937, "_step": 69, "_wandb": {"runtime": 1528}}