{"TRAIN loss": 13.819123443750533, "TRAIN recon_mse": 0.0124681216860821, "TRAIN recon_prior": 0.012467153412482983, "TRAIN reg_kld": 0.015106483737131464, "TRAIN prior_kld": 0.004901904531919282, "TRAIN metric": 0.03247650995513284, "_timestamp": 1665987089.2443895, "VALID loss": 13.860670710754395, "VALID recon_mse": 0.018055674770474435, "VALID recon_prior": 0.017996217796206474, "VALID reg_kld": 0.00999552961140871, "VALID prior_kld": 0.0013258876798674464, "VALID metric": 0.02937709206175059, "_runtime": 209.22449159622192, "_step": 6, "_wandb": {"runtime": 222}}