{"TRAIN loss": 8.46033036770927, "TRAIN Rec_skill": 0.01575041666049926, "TRAIN Reg": 2.901134939933452, "TRAIN Pri": 8.444273600479653, "TRAIN H": 1.6246576542694157e-05, "TRAIN metric": 0.5543287013989097, "_timestamp": 1667309806.9381216, "VALID loss": 7.7683793067932125, "VALID Rec_skill": 0.020276740607619286, "VALID Reg": 4.240078185272217, "VALID Pri": 7.747667144012452, "VALID H": 1.1230283649638295e-05, "VALID metric": 1.3429051849190665, "_runtime": 73.72109651565552, "_step": 2, "_wandb": {"runtime": 89}}