{"TRAIN loss": 14.124661131758621, "TRAIN recon_skill": 0.00625498510546544, "TRAIN post_reg": 0.0006668220380098704, "TRAIN prior": 14.118406074708084, "TRAIN prior_kld": 0.0003474232488546547, "TRAIN metric": 0.0066024750365238985, "_timestamp": 1666922070.394088, "VALID loss": 14.109835971069336, "VALID recon_skill": 0.014965615531802177, "VALID post_reg": 0.0004249701801687479, "VALID prior": 14.094870043945312, "VALID prior_kld": 0.0003201930128503591, "VALID metric": 0.015285851041670554, "_runtime": 790.5865089893341, "_step": 35, "_wandb": {"runtime": 801}}