{"TRAIN loss": 14.199545884418294, "TRAIN recon_mse": 0.010591008470931354, "TRAIN recon_prior": 0.010592614261098735, "TRAIN reg_kld": 8.13979989055436e-07, "TRAIN prior_kld": 0.0006390423210603412, "TRAIN metric": 0.011230864771980752, "_timestamp": 1665985845.348727, "VALID loss": 14.213836305236816, "VALID recon_mse": 0.01591690339446068, "VALID recon_prior": 0.01590949994325638, "VALID reg_kld": 8.875231190359045e-07, "VALID prior_kld": 0.00038636983251199127, "VALID metric": 0.016304160750091706, "_runtime": 505.648334980011, "_step": 16, "_wandb": {"runtime": 526}}