{"TRAIN loss": 14.203572343994203, "TRAIN recon_skill": 0.020385002218019106, "TRAIN post_reg": 8.10968438149084e-06, "TRAIN prior": 14.183187324451191, "TRAIN prior_kld": 3.6057790325431866e-05, "TRAIN metric": 0.02042106406318673, "_timestamp": 1666580301.577603, "VALID loss": 14.198522787475586, "VALID recon_skill": 0.04959271668195724, "VALID post_reg": 8.431124822527636e-06, "VALID prior": 14.14893000793457, "VALID prior_kld": 1.4561109193891752e-05, "VALID metric": 0.04960728200671355, "_runtime": 865.1624181270599, "_step": 39, "_wandb": {"runtime": 865}}