{"TRAIN loss": -1.8646111015054354, "TRAIN recon_skill": 0.0026493193739787137, "TRAIN post_reg": 35.39844683611949, "TRAIN prior": -1.867614407785555, "TRAIN prior_kld": 22.70280252936249, "TRAIN metric": 22.705805833204824, "_timestamp": 1666923181.476497, "VALID loss": 1.954766540145874, "VALID recon_skill": 0.0037486728344112634, "VALID post_reg": 35.12588845214844, "VALID prior": 1.9506666389465332, "VALID prior_kld": 26.620104626464844, "VALID metric": 26.624204558183777, "_runtime": 1088.299418926239, "_step": 49, "_wandb": {"runtime": 1087}}