{"TRAIN loss": 11.632748111529862, "TRAIN recon_skill": 0.020469914998627943, "TRAIN post_reg": 0.6770254866497996, "TRAIN prior": 11.611939671203428, "TRAIN prior_kld": 0.08630760892066824, "TRAIN metric": 0.10711603666262118, "_timestamp": 1667304957.866798, "VALID loss": 12.379896224975585, "VALID recon_skill": 0.024553617611527443, "VALID post_reg": 0.40028643260002134, "VALID prior": 12.355142555236817, "VALID prior_kld": 0.12936086766719818, "VALID metric": 0.15411462849502564, "_runtime": 47.49259090423584, "_step": 1, "_wandb": {"runtime": 63}}