{"TRAIN loss": 13.936557646406689, "TRAIN recon_skill": 0.010087052106106196, "TRAIN recon_prior": 0.010087768549902806, "TRAIN recon_prior_pseudo": 0.010089633364939182, "TRAIN recon_g": 0.052772002215239144, "TRAIN post_reg": 0.017044712306987533, "TRAIN prior": 13.873647176549884, "TRAIN prior_kld": 0.012253615063602298, "TRAIN prior_VAT": 4.286978681608051e-05, "TRAIN pseudo_prior_kld": 0.01225504392966152, "TRAIN metric": 0.07516406152791723, "_timestamp": 1666057908.152912, "VALID loss": 13.879440991210938, "VALID recon_skill": 0.01697492211461067, "VALID recon_prior": 0.01699495925307274, "VALID recon_prior_pseudo": 0.017020158728957176, "VALID recon_g": 0.06473809975385666, "VALID post_reg": 0.016603474441170694, "VALID prior": 13.797719918823242, "VALID prior_kld": 0.004242143188416958, "VALID prior_VAT": 1.990062144386684e-07, "VALID pseudo_prior_kld": 0.004241197738796472, "VALID metric": 0.08596366580031932, "_runtime": 483.93128299713135, "_step": 19, "_wandb": {"runtime": 483}}