{"TRAIN loss": 13.888642896832511, "TRAIN recon_skill": 0.011575105396136792, "TRAIN post_reg": 0.010192689177102993, "TRAIN prior": 13.87706270382709, "TRAIN prior_kld": 0.0013609622952035717, "TRAIN metric": 0.012941164035928904, "_timestamp": 1666003485.0483236, "VALID loss": 13.92923370666504, "VALID recon_skill": 0.019626464736461638, "VALID post_reg": 0.012160635887086392, "VALID prior": 13.909601174926758, "VALID prior_kld": 0.0010232109844684602, "VALID metric": 0.02065575603887364, "_runtime": 301.3460626602173, "_step": 9, "_wandb": {"runtime": 316}}