{"TRAIN loss": 14.179841946434346, "TRAIN Rec_skill": 0.007884755493674813, "TRAIN Reg": 1.7662032201949814e-05, "TRAIN Pri": 14.171158217673467, "TRAIN H": 4.071886241385235e-05, "TRAIN Rec_state": 0.0007582273344108816, "TRAIN metric": 0.008031905900301632, "_timestamp": 1667317271.0434027, "VALID loss": 14.349712246704101, "VALID Rec_skill": 0.014029165881872177, "VALID Reg": 1.7466296165366657e-05, "VALID Pri": 14.140897265625, "VALID H": 0.00017897156740073115, "VALID Rec_state": 0.19460670189857482, "VALID metric": 0.01403713885652503, "_runtime": 1182.6352517604828, "_step": 49, "_wandb": {"runtime": 1182}}