{"TRAIN loss": 12.739772001881628, "TRAIN recon_skill": 0.01862775145652751, "TRAIN post_reg": 0.2512815136003325, "TRAIN prior": 12.721018603996912, "TRAIN prior_kld": 0.0740145829383367, "TRAIN metric": 0.09276797515166443, "_timestamp": 1667300975.0820189, "VALID loss": 12.721077577209472, "VALID recon_skill": 0.017253343576192855, "VALID post_reg": 0.25873307542800905, "VALID prior": 12.70369499359131, "VALID prior_kld": 0.054315518420934676, "VALID metric": 0.07169822853484153, "_runtime": 80.97216796875, "_step": 2, "_wandb": {"runtime": 87}}