{"TRAIN loss": 13.472421331493075, "TRAIN recon_skill": 0.015073154577649147, "TRAIN post_reg": 0.07387423747706606, "TRAIN prior": 13.457311241854034, "TRAIN prior_kld": 0.03490886440161034, "TRAIN metric": 0.05001895609799798, "_timestamp": 1667301810.1811228, "VALID loss": 13.596383061218262, "VALID recon_skill": 0.017398525634407996, "VALID post_reg": 0.05198122598528862, "VALID prior": 13.578958343505859, "VALID prior_kld": 0.01658891183435917, "VALID metric": 0.03401342808175981, "_runtime": 183.78083682060242, "_step": 6, "_wandb": {"runtime": 192}}