{"TRAIN loss": 13.698559277496956, "TRAIN recon_skill": 0.007479784494460112, "TRAIN post_reg": 1.4643418514706301, "TRAIN prior": 13.690347317173709, "TRAIN prior_kld": 0.9712049426370896, "TRAIN metric": 0.9794168980572862, "_timestamp": 1666608975.004007, "VALID loss": 14.360765823364257, "VALID recon_skill": 0.013813400667905807, "VALID post_reg": 1.4309998836517335, "VALID prior": 14.346236732482911, "VALID prior_kld": 1.5549558584213257, "VALID metric": 1.5694847590310574, "_runtime": 1808.9444470405579, "_step": 69, "_wandb": {"runtime": 1808}}