{"TRAIN loss": 13.787545621498216, "TRAIN recon_skill": 0.018281387143390174, "TRAIN post_reg": 0.022601355034715172, "TRAIN prior": 13.76925293550472, "TRAIN prior_kld": 0.009351621778491076, "TRAIN metric": 0.027644309599398634, "_timestamp": 1666581067.3363507, "VALID loss": 13.798207006835938, "VALID recon_skill": 0.04186558137536049, "VALID post_reg": 0.021033893266320228, "VALID prior": 13.756331060791016, "VALID prior_kld": 0.026002729138731955, "VALID metric": 0.06787882746072561, "_runtime": 489.51750469207764, "_step": 21, "_wandb": {"runtime": 497}}