{"tr_return": 0, "episode_i": 11, "_timestamp": 1667456871.854261, "_runtime": 31.375741004943848, "_step": 11, "qf_loss": 0.0003135445585940033, "policy_loss": -0.17766809463500977, "kl": 0.0021061652805656195, "mean_policy_scale": 0.8046612739562988, "alpha_loss": 0.0, "alpha": 0.10517092049121857, "_wandb": {"runtime": 31}}