{"TRAIN loss": 14.196690608964344, "TRAIN recon_skill": 0.006897818643256689, "TRAIN recon_prior": 0.006898372872881062, "TRAIN recon_prior_pseudo": 0.006898121954932899, "TRAIN recon_g": 0.010555903072455713, "TRAIN post_reg": 1.2649089299042165e-05, "TRAIN prior": 14.179236839822146, "TRAIN prior_kld": 5.4498149570203166e-05, "TRAIN prior_VAT": 2.97094460581474e-07, "TRAIN metric": 0.017508523284287807, "_timestamp": 1666011670.3543398, "VALID loss": 14.271515557861328, "VALID recon_skill": 0.015357190710306168, "VALID recon_prior": 0.015355672051012516, "VALID recon_prior_pseudo": 0.015350929021835328, "VALID recon_g": 0.027342798909544944, "VALID post_reg": 5.219275702984305e-06, "VALID prior": 14.228814935302735, "VALID prior_kld": 2.7454602622310632e-05, "VALID prior_VAT": 5.33385989638191e-07, "VALID metric": 0.04272798021810091, "_runtime": 1132.333727836609, "_step": 31, "_wandb": {"runtime": 1142}}