{"tr_return": 1.0, "qf_loss": 0.0008159378194250166, "policy_loss": -0.061920568346977234, "kl": 0.00048235818394459784, "mean_policy_scale": 0.8568050265312195, "alpha_loss": 0.0, "alpha": 0.10517092049121857, "episode_i": 18, "_timestamp": 1667972942.0069785, "_runtime": 133.8030025959015, "_step": 18, "_wandb": {"runtime": 136}}