{"TRAIN loss": 13.696185901700652, "TRAIN recon_skill": 0.014224080236662655, "TRAIN recon_g": 1.4439952951707132e-05, "TRAIN post_reg": 0.030887975751064552, "TRAIN prior": 13.681931935316166, "TRAIN prior_kld": 0.012570326422114099, "TRAIN prior_VAT": 1.4026563067500807e-08, "TRAIN metric": 0.02682430462616704, "_timestamp": 1665994651.0080652, "VALID loss": 13.870478356933594, "VALID recon_skill": 0.014358380109071731, "VALID recon_g": 1.62119005137356e-05, "VALID post_reg": 0.015833544945716857, "VALID prior": 13.856095909118652, "VALID prior_kld": 0.0011685482762753964, "VALID prior_VAT": 5.047422753534647e-10, "VALID metric": 0.015551057563075997, "_runtime": 137.18366527557373, "_step": 3, "_wandb": {"runtime": 154}}