{"TRAIN loss": 7.245857189014548, "TRAIN recon_mse": 0.056247663180511935, "TRAIN recon_prior": 0.05673874466583646, "TRAIN reg_kld": 4.477776654667678, "TRAIN prior_nll": 0.6899850282476773, "TRAIN metric": 5.224009346095867, "_timestamp": 1667804487.7186306, "VALID loss": 10.192055477905273, "VALID recon_mse": 0.023105696004629136, "VALID recon_prior": 0.022783368095755575, "VALID reg_kld": 1.3164834190368653, "VALID prior_nll": 0.06972529581785201, "VALID metric": 1.4093144108593465, "_runtime": 29.407370567321777, "_step": 0, "_wandb": {"runtime": 35}}