{"TRAIN loss": 14.175208581626537, "TRAIN recon_skill": 0.008218353971598659, "TRAIN post_reg": 8.133335081213645e-05, "TRAIN prior": 14.166990242146769, "TRAIN prior_kld": 7.673427604578538e-05, "TRAIN metric": 0.00829509231431199, "_timestamp": 1667309721.2020693, "VALID loss": 14.124035446166992, "VALID recon_skill": 0.015061930717527866, "VALID post_reg": 6.814892240799963e-05, "VALID prior": 14.108973355102538, "VALID prior_kld": 2.9539219290018083e-05, "VALID metric": 0.015091473344264006, "_runtime": 1126.6373083591461, "_step": 49, "_wandb": {"runtime": 1126}}