{"TRAIN loss": 10.088829693462689, "TRAIN recon_skill": 0.010465152292680486, "TRAIN post_reg": 1.7367139516020884, "TRAIN prior": 10.078277681992938, "TRAIN prior_kld": 0.4300831860036202, "TRAIN metric": 0.44063517399388147, "_timestamp": 1667307722.185177, "VALID loss": 11.331071975708008, "VALID recon_skill": 0.015835552871227263, "VALID post_reg": 1.0168412204742432, "VALID prior": 11.31518557434082, "VALID prior_kld": 0.453843378162384, "VALID metric": 0.46972977309463493, "_runtime": 550.4569561481476, "_step": 24, "_wandb": {"runtime": 571}}