{"TRAIN loss": 11.96712396036887, "TRAIN Rec_skill": 0.02775729648440653, "TRAIN Reg": 0.49716348524403137, "TRAIN Pri": 11.93920455593705, "TRAIN H": 3.784535117091696e-05, "TRAIN metric": 0.09282633031131446, "_timestamp": 1667298713.0310636, "VALID loss": 11.244042889404296, "VALID Rec_skill": 0.06681482570171356, "VALID Reg": 0.9391466808319092, "VALID Pri": 11.176974797058106, "VALID H": 1.8411931168520824e-05, "VALID metric": 0.3045804878640175, "_runtime": 89.88992857933044, "_step": 3, "_wandb": {"runtime": 101}}