{"TRAIN loss": 13.578810982067735, "TRAIN recon_skill": 0.014252709312469492, "TRAIN recon_g": 0.036793178981506316, "TRAIN post_reg": 0.05131901795353597, "TRAIN prior": 13.526564286079948, "TRAIN prior_kld": 0.02574951676226412, "TRAIN prior_VAT": 0.001175144644308756, "TRAIN metric": 0.07799620920952557, "_timestamp": 1666000550.3995018, "VALID loss": 13.769687649536133, "VALID recon_skill": 0.02108438272178173, "VALID recon_g": 0.04475029402971268, "VALID post_reg": 0.028540442049503328, "VALID prior": 13.703720376586913, "VALID prior_kld": 0.0061536070801317694, "VALID prior_VAT": 0.00011824225180316717, "VALID metric": 0.07212079630445409, "_runtime": 72.53849673271179, "_step": 1, "_wandb": {"runtime": 82}}