{"TRAIN loss": 13.7663775570883, "TRAIN recon_skill": 0.008742001531670592, "TRAIN post_reg": 0.02358661837275565, "TRAIN prior": 13.757633191719597, "TRAIN prior_kld": 0.0058912779085330555, "TRAIN metric": 0.014635638102040912, "_timestamp": 1667307080.8901494, "VALID loss": 13.903011672973633, "VALID recon_skill": 0.014188099811971187, "VALID post_reg": 0.010648440364003182, "VALID prior": 13.888822534179688, "VALID prior_kld": 0.0020661091700196264, "VALID metric": 0.016255273826027216, "_runtime": 708.8806383609772, "_step": 31, "_wandb": {"runtime": 722}}