{"TRAIN loss": 13.547948105889063, "TRAIN recon_skill": 0.01526971971883191, "TRAIN post_reg": 0.054759998528674456, "TRAIN prior": 13.532651004734001, "TRAIN prior_kld": 0.021508862213392953, "TRAIN metric": 0.03680596193148925, "_timestamp": 1666002721.6443682, "VALID loss": 13.658567413330077, "VALID recon_skill": 0.01768712069094181, "VALID post_reg": 0.02749530705809593, "VALID prior": 13.64086644897461, "VALID prior_kld": 0.007055054547637701, "VALID metric": 0.02475592289210856, "_runtime": 92.05278015136719, "_step": 2, "_wandb": {"runtime": 113}}