{"TRAIN loss": 13.093387487650595, "TRAIN Rec_skill": 0.017036353825999925, "TRAIN Reg": 0.16593018790487102, "TRAIN Pri": 13.076268166911529, "TRAIN Pri_kld": 0.07278802159359381, "TRAIN metric": 0.08990734051354618, "_timestamp": 1667974266.929205, "VALID loss": 13.140347305297851, "VALID Rec_skill": 0.020460656666755676, "VALID Reg": 0.13136632630825043, "VALID Pri": 13.119821072387696, "VALID Pri_kld": 0.049374204182624816, "VALID metric": 0.06990054401253462, "_runtime": 107.55311894416809, "_step": 3, "_wandb": {"runtime": 131}}