{"TRAIN loss": 11.945545390188283, "TRAIN recon_skill": 0.011684305630205671, "TRAIN post_reg": 5.693529099055477, "TRAIN prior": 11.926069608792814, "TRAIN recon_h": 0.0027789619825017197, "TRAIN recon_state": 0.002974774119809542, "TRAIN recon_masked": 0.0006143788750156851, "TRAIN metric": 3.9048392859976415, "_timestamp": 1667266530.8203015, "VALID loss": 14.856853280639648, "VALID recon_skill": 0.025956976717710495, "VALID post_reg": 6.6635912368774415, "VALID prior": 14.806358226013183, "VALID recon_h": 0.0016147042414173484, "VALID recon_state": 0.018517724791169168, "VALID recon_masked": 0.002740051630884409, "VALID metric": 7.560393581466627, "_runtime": 401.65070962905884, "_step": 17, "_wandb": {"runtime": 410}}