{"TRAIN loss": 10.495633123485263, "TRAIN Rec_skill": 0.007180223192300262, "TRAIN Reg": 6.02960261799733, "TRAIN Pri": 10.481066671949469, "TRAIN H": 0.0033102767188034, "TRAIN Rec_state": 0.003774488402198826, "TRAIN metric": 4.239870084149177, "_timestamp": 1667387440.7835593, "VALID loss": 78.94859217529297, "VALID Rec_skill": 0.008716092577576637, "VALID Reg": 5.736519688415528, "VALID Pri": 78.80452205810546, "VALID H": 0.044135525208711626, "VALID Rec_state": 0.09093005894422532, "VALID metric": 72.01271375840574, "_runtime": 423.60595631599426, "_step": 17}