{"TRAIN loss": 10.813644487235512, "TRAIN Rec_skill": 0.013194856032534194, "TRAIN Reg": 1.2910826337588002, "TRAIN Pri": 10.798249798320128, "TRAIN Rec_state": 0.002070738862519498, "TRAIN metric": 0.35938916014141564, "_timestamp": 1667371592.161148, "VALID loss": 11.802132701110839, "VALID Rec_skill": 0.015849886670708656, "VALID Reg": 0.9713370268821716, "VALID Pri": 11.55663509979248, "VALID Rec_state": 0.2295508780479431, "VALID metric": 0.5766182767248678, "_runtime": 165.7927861213684, "_step": 6, "_wandb": {"runtime": 168}}