{"TRAIN loss": 14.017240198544702, "TRAIN recon_skill": 0.007809501804406878, "TRAIN recon_g": 0.0, "TRAIN post_reg": 0.0038402125656548094, "TRAIN prior": 14.009428783424486, "TRAIN prior_kld": 0.0011698709554087113, "TRAIN prior_VAT": 0.0, "TRAIN metric": 0.00898129286609841, "_timestamp": 1665988437.0321176, "VALID loss": 14.040424723815917, "VALID recon_skill": 0.013439928875863552, "VALID recon_g": 0.0, "VALID post_reg": 0.0030156444650143383, "VALID prior": 14.026983250427246, "VALID prior_kld": 0.0013364810217171908, "VALID prior_VAT": 0.0, "VALID metric": 0.014777917719813252, "_runtime": 685.3870966434479, "_step": 21, "_wandb": {"runtime": 701}}