{"TRAIN loss": 13.852700913373162, "TRAIN recon_skill": 0.011611149136555848, "TRAIN recon_g": 0.032221439567640515, "TRAIN post_reg": 0.017415458231538717, "TRAIN prior": 13.808761568768174, "TRAIN prior_kld": 0.010575426499457165, "TRAIN prior_VAT": 9.804834188263816e-05, "TRAIN metric": 0.05451477127465185, "_timestamp": 1666001251.2404912, "VALID loss": 13.914839770507813, "VALID recon_skill": 0.016176559635996818, "VALID recon_g": 0.043498427385091784, "VALID post_reg": 0.009787533819675445, "VALID prior": 13.855156846618652, "VALID prior_kld": 0.0018757178537547588, "VALID prior_VAT": 2.9582073311757995e-06, "VALID metric": 0.06155855684908438, "_runtime": 135.016499042511, "_step": 3, "_wandb": {"runtime": 164}}