{"TRAIN loss": 11.296138658462432, "TRAIN recon_skill": 0.03415236328357857, "TRAIN post_reg": 0.8617905356133927, "TRAIN prior": 11.261555403780985, "TRAIN prior_kld": 0.13157535439302906, "TRAIN metric": 0.16615861294441442, "_timestamp": 1667301357.1994135, "VALID loss": 12.251009532165527, "VALID recon_skill": 0.0915238234758377, "VALID post_reg": 0.3748628049373627, "VALID prior": 12.159298245239258, "VALID prior_kld": 0.06507919068336487, "VALID metric": 0.15679044556167127, "_runtime": 47.52615451812744, "_step": 1, "_wandb": {"runtime": 50}}