{"TRAIN loss": 13.735057279439001, "TRAIN recon_skill": 0.012528214261788143, "TRAIN post_reg": 0.025623271388215962, "TRAIN prior": 13.72251626495609, "TRAIN prior_kld": 0.014095356043034496, "TRAIN metric": 0.026636381940516686, "_timestamp": 1666001925.7319794, "VALID loss": 13.904903337097167, "VALID recon_skill": 0.017069667887687684, "VALID post_reg": 0.008722350028157234, "VALID prior": 13.88782943725586, "VALID prior_kld": 0.003693484380096197, "VALID metric": 0.02076751344279796, "_runtime": 96.08954048156738, "_step": 2, "_wandb": {"runtime": 105}}