{"TRAIN loss": 13.64727047168043, "TRAIN recon_skill": 0.024412434492456683, "TRAIN post_reg": 0.041547929479739426, "TRAIN prior": 13.622837247847738, "TRAIN prior_kld": 0.016843338487931275, "TRAIN metric": 0.04127654694512787, "_timestamp": 1666579378.5508456, "VALID loss": 13.58809463043213, "VALID recon_skill": 0.052350445502996446, "VALID post_reg": 0.04184049879312515, "VALID prior": 13.535723123168946, "VALID prior_kld": 0.012081868682801724, "VALID metric": 0.06445323443519474, "_runtime": 217.37367272377014, "_step": 9, "_wandb": {"runtime": 230}}