{"TRAIN loss": 17.014109440145436, "TRAIN recon_skill": 0.010401929880489744, "TRAIN recon_g": 3.125050081897604, "TRAIN post_reg": 0.011516647681631676, "TRAIN prior": 13.878651677140551, "TRAIN prior_kld": 0.006846263413110457, "TRAIN metric": 3.142304033515038, "_timestamp": 1666001779.5435655, "VALID loss": 16.788536566162108, "VALID recon_skill": 0.013606419451534749, "VALID recon_g": 2.8220384078979492, "VALID post_reg": 0.00650259740203619, "VALID prior": 13.952888417053222, "VALID prior_kld": 0.001075123456120491, "VALID metric": 2.8367232021043054, "_runtime": 185.86914539337158, "_step": 5, "_wandb": {"runtime": 199}}