{"TRAIN loss": 14.18240921414358, "TRAIN Rec_skill": 0.007644608454991124, "TRAIN Reg": 2.6062797710204918e-05, "TRAIN Pri": 14.173931027545116, "TRAIN H": 8.184487227889809e-05, "TRAIN Rec_state": 0.0007517777118306705, "TRAIN Rec_masked": 0.001503555428548801, "TRAIN metric": 0.007704071183782968, "_timestamp": 1667351015.8415298, "VALID loss": 14.41977158050537, "VALID Rec_skill": 0.0157669378221035, "VALID Reg": 2.8931870197993702e-05, "VALID Pri": 14.153572087097167, "VALID H": 0.0001931901820236817, "VALID Rec_state": 0.25023889746665956, "VALID Rec_masked": 0.5004777827262878, "VALID metric": 0.015795177923356798, "_runtime": 1183.0166318416595, "_step": 49, "_wandb": {"runtime": 1182}}