{"TRAIN loss": 13.931394782272555, "TRAIN recon_skill": 0.010598614466255324, "TRAIN recon_prior": 0.010606977099264853, "TRAIN recon_prior_pseudo": 0.01060219615081261, "TRAIN recon_g": 0.039940974651277064, "TRAIN post_reg": 0.02705883161972256, "TRAIN prior": 13.87991627881435, "TRAIN prior_kld": 0.020320485381137496, "TRAIN prior_VAT": 0.000925386490137669, "TRAIN pseudo_prior_kld": 0.020299117929633504, "TRAIN metric": 0.07179899040461735, "_timestamp": 1666758499.0753603, "VALID loss": 13.744082760620117, "VALID recon_skill": 0.018267169916629793, "VALID recon_prior": 0.018233130550384523, "VALID recon_prior_pseudo": 0.018243308019638062, "VALID recon_g": 0.04344307121038437, "VALID post_reg": 0.04540065522193909, "VALID prior": 13.681834718322754, "VALID prior_kld": 0.023465590929985045, "VALID prior_VAT": 0.0005148011911660432, "VALID pseudo_prior_kld": 0.023435756939649582, "VALID metric": 0.08571333357577622, "_runtime": 656.4017853736877, "_step": 27, "_wandb": {"runtime": 677}}