{"TRAIN loss": 8.092139238301058, "TRAIN Rec_skill": 0.015021487559438598, "TRAIN Reg": 5.174948802354515, "TRAIN Pri": 8.076563532780924, "TRAIN H": 3.672934511060292e-05, "TRAIN metric": 2.3443782189513844, "_timestamp": 1667306345.6095808, "VALID loss": 12.284361415100097, "VALID Rec_skill": 0.01651424752473831, "VALID Reg": 5.313859642028809, "VALID Pri": 12.267284600830077, "VALID H": 3.102527111768723e-05, "VALID metric": 6.667300237828541, "_runtime": 49.65790581703186, "_step": 1, "_wandb": {"runtime": 51}}