{"TRAIN loss": 14.213448685925776, "TRAIN recon_skill": 0.006527526874796433, "TRAIN recon_prior": 0.006527567186143106, "TRAIN recon_g": 0.02037415837449972, "TRAIN post_reg": 3.030447077914851e-06, "TRAIN prior": 14.186546986794617, "TRAIN prior_kld": 5.419159727717129e-06, "TRAIN prior_VAT": 7.308746070030462e-08, "TRAIN metric": 0.026907179011708113, "_timestamp": 1666006119.074253, "VALID loss": 14.230205546569824, "VALID recon_skill": 0.011120487947762013, "VALID recon_prior": 0.011121754929423333, "VALID recon_g": 0.040817690581083296, "VALID post_reg": 2.3926362104248256e-06, "VALID prior": 14.178267332458496, "VALID prior_kld": 4.0509602935344444e-06, "VALID prior_VAT": 8.22934286702548e-08, "VALID metric": 0.05194231297888563, "_runtime": 1632.8484601974487, "_step": 49, "_wandb": {"runtime": 1632}}