{"TRAIN loss": 13.27180919268997, "TRAIN recon_skill": 0.0157933613355757, "TRAIN post_reg": 0.1226965520440565, "TRAIN prior": 13.255954480322476, "TRAIN prior_kld": 0.04958242353404935, "TRAIN metric": 0.06543713314564696, "_timestamp": 1667300731.0001314, "VALID loss": 12.82116519317627, "VALID recon_skill": 0.017694299292564393, "VALID post_reg": 0.25547572612762454, "VALID prior": 12.803343225097656, "VALID prior_kld": 0.10114171130657196, "VALID metric": 0.11896374846220018, "_runtime": 155.87490439414978, "_step": 5, "_wandb": {"runtime": 173}}