{"TRAIN loss": 13.867471031547995, "TRAIN recon_skill": 0.01092475084154347, "TRAIN recon_g": 0.0, "TRAIN post_reg": 0.013516032383008341, "TRAIN prior": 13.85653951865113, "TRAIN prior_kld": 0.009224757279230483, "TRAIN prior_VAT": 0.0, "TRAIN metric": 0.020156266136965483, "_timestamp": 1665985018.1656637, "VALID loss": 13.91424377746582, "VALID recon_skill": 0.01551187447309494, "VALID recon_g": 0.0, "VALID post_reg": 0.01116719115525484, "VALID prior": 13.898726248168945, "VALID prior_kld": 0.0013634246665984392, "VALID prior_VAT": 0.0, "VALID metric": 0.016880882735271007, "_runtime": 160.82344460487366, "_step": 4, "_wandb": {"runtime": 165}}