{"TRAIN loss": 12.512918003645582, "TRAIN recon_skill": 0.016610472375320734, "TRAIN post_reg": 3.7105861515312117, "TRAIN prior": 12.494452253356377, "TRAIN prior_kld": 2.5124681058516125, "TRAIN metric": 2.5309338713027008, "_timestamp": 1667302362.0885437, "VALID loss": 13.690352909851073, "VALID recon_skill": 0.034535839980840685, "VALID post_reg": 4.426881478881836, "VALID prior": 13.653603837585448, "VALID prior_kld": 4.264399530029297, "VALID metric": 4.301148810749578, "_runtime": 113.1885416507721, "_step": 4, "_wandb": {"runtime": 112}}