{"TRAIN loss": 13.54662724956644, "TRAIN recon_skill": 0.010576451626046736, "TRAIN recon_g": 8.310184627889815e-06, "TRAIN post_reg": 1.5037485270979922, "TRAIN prior": 13.535290607701548, "TRAIN prior_kld": 1.1099651386489249, "TRAIN metric": 1.121301774723147, "_timestamp": 1665997266.1440768, "VALID loss": 13.818875404357911, "VALID recon_skill": 0.012708856952190399, "VALID recon_g": 8.871194250241387e-06, "VALID post_reg": 1.5966570482254028, "VALID prior": 13.80535939025879, "VALID prior_kld": 1.3801488853454589, "VALID metric": 1.3936649420160123, "_runtime": 192.85680174827576, "_step": 5, "_wandb": {"runtime": 215}}